-- phpMyAdmin SQL Dump
-- version 4.8.2
-- https://www.phpmyadmin.net/
--
-- Host: localhost:8889
-- Generation Time: Nov 10, 2018 at 06:49 AM
-- Server version: 5.7.21
-- PHP Version: 7.2.7

SET SQL_MODE = "NO_AUTO_VALUE_ON_ZERO";
SET time_zone = "+00:00";

--
-- Database: `quick`
--

-- --------------------------------------------------------

--
-- Table structure for table `calegs`
--

CREATE TABLE `calegs` (
  `id` int(10) UNSIGNED NOT NULL,
  `name` varchar(255) COLLATE utf8_unicode_ci NOT NULL,
  `photo` varchar(255) COLLATE utf8_unicode_ci NOT NULL,
  `serial_number` int(11) NOT NULL,
  `jk` enum('P','L') COLLATE utf8_unicode_ci NOT NULL,
  `province_id` int(11) NOT NULL,
  `partai_id` int(11) NOT NULL,
  `type_candidate_id` int(11) NOT NULL,
  `created_at` timestamp NULL DEFAULT NULL,
  `updated_at` timestamp NULL DEFAULT NULL
) ENGINE=InnoDB DEFAULT CHARSET=utf8 COLLATE=utf8_unicode_ci;

--
-- Dumping data for table `calegs`
--

INSERT INTO `calegs` (`id`, `name`, `photo`, `serial_number`, `jk`, `province_id`, `partai_id`, `type_candidate_id`, `created_at`, `updated_at`) VALUES
(1, 'I Putu Aldy Cahyakusuma', '5be53f06d65ec.jpg', 1, 'L', 6, 2, 2, '2018-11-09 01:02:14', '2018-11-09 01:02:14'),
(2, 'Putri Salma Wulandari', '5be53f26a794d.jpg', 2, 'P', 6, 1, 2, '2018-11-09 01:02:46', '2018-11-09 01:02:46');

-- --------------------------------------------------------

--
-- Table structure for table `candidates_pemilus`
--

CREATE TABLE `candidates_pemilus` (
  `id` int(10) UNSIGNED NOT NULL,
  `caleg_id` int(11) NOT NULL,
  `pemilu_setting_id` int(11) NOT NULL,
  `created_at` timestamp NULL DEFAULT NULL,
  `updated_at` timestamp NULL DEFAULT NULL
) ENGINE=InnoDB DEFAULT CHARSET=utf8 COLLATE=utf8_unicode_ci;

--
-- Dumping data for table `candidates_pemilus`
--

INSERT INTO `candidates_pemilus` (`id`, `caleg_id`, `pemilu_setting_id`, `created_at`, `updated_at`) VALUES
(1, 2, 4, '2018-11-09 01:03:46', '2018-11-09 01:03:46'),
(2, 1, 4, '2018-11-09 01:03:46', '2018-11-09 01:03:46'),
(5, 2, 5, '2018-11-09 20:40:16', '2018-11-09 20:40:16'),
(6, 1, 5, '2018-11-09 20:40:17', '2018-11-09 20:40:17'),
(7, 1, 6, '2018-11-09 23:29:35', '2018-11-09 23:29:35'),
(8, 2, 6, '2018-11-09 23:29:36', '2018-11-09 23:29:36'),
(9, 1, 7, '2018-11-09 23:29:39', '2018-11-09 23:29:39'),
(10, 2, 7, '2018-11-09 23:29:39', '2018-11-09 23:29:39');

-- --------------------------------------------------------

--
-- Table structure for table `kecamatans`
--

CREATE TABLE `kecamatans` (
  `id` int(10) UNSIGNED NOT NULL,
  `kokab_id` int(11) NOT NULL,
  `province_id` int(11) NOT NULL,
  `kecamatan_name` varchar(255) COLLATE utf8_unicode_ci NOT NULL,
  `created_at` timestamp NULL DEFAULT NULL,
  `updated_at` timestamp NULL DEFAULT NULL
) ENGINE=InnoDB DEFAULT CHARSET=utf8 COLLATE=utf8_unicode_ci;

--
-- Dumping data for table `kecamatans`
--

INSERT INTO `kecamatans` (`id`, `kokab_id`, `province_id`, `kecamatan_name`, `created_at`, `updated_at`) VALUES
(110101, 1101, 6, 'Ampek Nagari (IV Nagari )', '2018-11-07 20:49:13', '2018-11-07 20:49:13'),
(110102, 1101, 6, 'Banuhampu', '2018-11-07 20:49:13', '2018-11-07 20:49:13'),
(110103, 1101, 6, 'Baso', '2018-11-07 20:49:13', '2018-11-07 20:49:13'),
(110104, 1101, 6, 'Candung', '2018-11-07 20:49:13', '2018-11-07 20:49:13'),
(110105, 1101, 6, 'IV Angkat Candung (Ampek Angkek)', '2018-11-07 20:49:13', '2018-11-07 20:49:13'),
(110106, 1101, 6, 'IV Koto (Ampek Koto)', '2018-11-07 20:49:13', '2018-11-07 20:49:13'),
(110107, 1101, 6, 'Kamang Magek', '2018-11-07 20:49:13', '2018-11-07 20:49:13'),
(110108, 1101, 6, 'Lubuk Basung', '2018-11-07 20:49:13', '2018-11-07 20:49:13'),
(110109, 1101, 6, 'Malakak', '2018-11-07 20:49:13', '2018-11-07 20:49:13'),
(110110, 1101, 6, 'Matur', '2018-11-07 20:49:13', '2018-11-07 20:49:13'),
(110111, 1101, 6, 'Palembayan', '2018-11-07 20:49:13', '2018-11-07 20:49:13'),
(110112, 1101, 6, 'Palupuh', '2018-11-07 20:49:13', '2018-11-07 20:49:13'),
(110113, 1101, 6, 'Sungai Pua (Puar)', '2018-11-07 20:49:13', '2018-11-07 20:49:13'),
(110114, 1101, 6, 'Tanjung Mutiara', '2018-11-07 20:49:13', '2018-11-07 20:49:13'),
(110115, 1101, 6, 'Tanjung Raya', '2018-11-07 20:49:13', '2018-11-07 20:49:13'),
(110116, 1101, 6, 'Tilatang Kamang', '2018-11-07 20:49:13', '2018-11-07 20:49:13'),
(110201, 1102, 6, 'Aur Birugo Tigo Baleh', '2018-11-07 20:49:13', '2018-11-07 20:49:13'),
(110202, 1102, 6, 'Guguk Panjang (Guguak Panjang)', '2018-11-07 20:49:13', '2018-11-07 20:49:13'),
(110203, 1102, 6, 'Mandiangin Koto Selayan', '2018-11-07 20:49:13', '2018-11-07 20:49:13'),
(110301, 1103, 6, 'Asam Jujuhan', '2018-11-07 20:49:13', '2018-11-07 20:49:13'),
(110302, 1103, 6, 'Koto Baru', '2018-11-07 20:49:13', '2018-11-07 20:49:13'),
(110303, 1103, 6, 'Koto Besar', '2018-11-07 20:49:13', '2018-11-07 20:49:13'),
(110304, 1103, 6, 'Koto Salak', '2018-11-07 20:49:13', '2018-11-07 20:49:13'),
(110305, 1103, 6, 'Padang Laweh', '2018-11-07 20:49:13', '2018-11-07 20:49:13'),
(110306, 1103, 6, 'Pulau Punjung', '2018-11-07 20:49:13', '2018-11-07 20:49:13'),
(110307, 1103, 6, 'Sembilan Koto', '2018-11-07 20:49:13', '2018-11-07 20:49:13'),
(110308, 1103, 6, 'Sitiung', '2018-11-07 20:49:13', '2018-11-07 20:49:13'),
(110309, 1103, 6, 'Sungai Rumbai', '2018-11-07 20:49:13', '2018-11-07 20:49:13'),
(110310, 1103, 6, 'Timpeh', '2018-11-07 20:49:13', '2018-11-07 20:49:13'),
(110311, 1103, 6, 'Tiumang', '2018-11-07 20:49:13', '2018-11-07 20:49:13'),
(110401, 1104, 6, 'Pagai Selatan', '2018-11-07 20:49:13', '2018-11-07 20:49:13'),
(110402, 1104, 6, 'Pagai Utara', '2018-11-07 20:49:13', '2018-11-07 20:49:13'),
(110403, 1104, 6, 'Siberut Barat', '2018-11-07 20:49:13', '2018-11-07 20:49:13'),
(110404, 1104, 6, 'Siberut Barat Daya', '2018-11-07 20:49:13', '2018-11-07 20:49:13'),
(110405, 1104, 6, 'Siberut Selatan', '2018-11-07 20:49:13', '2018-11-07 20:49:13'),
(110406, 1104, 6, 'Siberut Tengah', '2018-11-07 20:49:13', '2018-11-07 20:49:13'),
(110407, 1104, 6, 'Siberut Utara', '2018-11-07 20:49:13', '2018-11-07 20:49:13'),
(110408, 1104, 6, 'Sikakap', '2018-11-07 20:49:13', '2018-11-07 20:49:13'),
(110409, 1104, 6, 'Sipora Selatan', '2018-11-07 20:49:13', '2018-11-07 20:49:13'),
(110410, 1104, 6, 'Sipora Utara', '2018-11-07 20:49:13', '2018-11-07 20:49:13'),
(110501, 1105, 6, 'Akabiluru', '2018-11-07 20:49:13', '2018-11-07 20:49:13'),
(110502, 1105, 6, 'Bukik Barisan', '2018-11-07 20:49:13', '2018-11-07 20:49:13'),
(110503, 1105, 6, 'Guguak (Gugu)', '2018-11-07 20:49:13', '2018-11-07 20:49:13'),
(110504, 1105, 6, 'Gunuang Omeh (Gunung Mas)', '2018-11-07 20:49:13', '2018-11-07 20:49:13'),
(110505, 1105, 6, 'Harau', '2018-11-07 20:49:13', '2018-11-07 20:49:13'),
(110506, 1105, 6, 'Kapur IX/Sembilan', '2018-11-07 20:49:13', '2018-11-07 20:49:13'),
(110507, 1105, 6, 'Lareh Sago Halaban', '2018-11-07 20:49:13', '2018-11-07 20:49:13'),
(110508, 1105, 6, 'Luak (Luhak)', '2018-11-07 20:49:13', '2018-11-07 20:49:13'),
(110509, 1105, 6, 'Mungka', '2018-11-07 20:49:13', '2018-11-07 20:49:13'),
(110510, 1105, 6, 'Pangkalan Koto Baru', '2018-11-07 20:49:13', '2018-11-07 20:49:13'),
(110511, 1105, 6, 'Payakumbuh', '2018-11-07 20:49:13', '2018-11-07 20:49:13'),
(110512, 1105, 6, 'Situjuah Limo/Lima Nagari', '2018-11-07 20:49:13', '2018-11-07 20:49:13'),
(110513, 1105, 6, 'Suliki', '2018-11-07 20:49:13', '2018-11-07 20:49:13'),
(110601, 1106, 6, 'Bungus Teluk Kabung', '2018-11-07 20:49:13', '2018-11-07 20:49:13'),
(110602, 1106, 6, 'Koto Tangah', '2018-11-07 20:49:13', '2018-11-07 20:49:13'),
(110603, 1106, 6, 'Kuranji', '2018-11-07 20:49:13', '2018-11-07 20:49:13'),
(110604, 1106, 6, 'Lubuk Begalung', '2018-11-07 20:49:13', '2018-11-07 20:49:13'),
(110605, 1106, 6, 'Lubuk Kilangan', '2018-11-07 20:49:13', '2018-11-07 20:49:13'),
(110606, 1106, 6, 'Nanggalo', '2018-11-07 20:49:13', '2018-11-07 20:49:13'),
(110607, 1106, 6, 'Padang Barat', '2018-11-07 20:49:13', '2018-11-07 20:49:13'),
(110608, 1106, 6, 'Padang Selatan', '2018-11-07 20:49:13', '2018-11-07 20:49:13'),
(110609, 1106, 6, 'Padang Timur', '2018-11-07 20:49:13', '2018-11-07 20:49:13'),
(110610, 1106, 6, 'Padang Utara', '2018-11-07 20:49:13', '2018-11-07 20:49:13'),
(110611, 1106, 6, 'Pauh', '2018-11-07 20:49:13', '2018-11-07 20:49:13'),
(110701, 1107, 6, 'Padang Panjang Barat', '2018-11-07 20:49:13', '2018-11-07 20:49:13'),
(110702, 1107, 6, 'Padang Panjang Timur', '2018-11-07 20:49:13', '2018-11-07 20:49:13'),
(110801, 1108, 6, '2 X 11 Enam Lingkung', '2018-11-07 20:49:13', '2018-11-07 20:49:13'),
(110802, 1108, 6, '2 X 11 Kayu Tanam', '2018-11-07 20:49:13', '2018-11-07 20:49:13'),
(110803, 1108, 6, 'Batang Anai', '2018-11-07 20:49:13', '2018-11-07 20:49:13'),
(110804, 1108, 6, 'Batang Gasan', '2018-11-07 20:49:13', '2018-11-07 20:49:13'),
(110805, 1108, 6, 'Enam Lingkung', '2018-11-07 20:49:13', '2018-11-07 20:49:13'),
(110806, 1108, 6, 'IV Koto Aur Malintang', '2018-11-07 20:49:13', '2018-11-07 20:49:13'),
(110807, 1108, 6, 'Lubuk Alung', '2018-11-07 20:49:13', '2018-11-07 20:49:13'),
(110808, 1108, 6, 'Nan Sabaris', '2018-11-07 20:49:13', '2018-11-07 20:49:13'),
(110809, 1108, 6, 'Padang Sago', '2018-11-07 20:49:13', '2018-11-07 20:49:13'),
(110810, 1108, 6, 'Patamuan', '2018-11-07 20:49:13', '2018-11-07 20:49:13'),
(110811, 1108, 6, 'Sintuk/Sintuak Toboh Gadang', '2018-11-07 20:49:13', '2018-11-07 20:49:13'),
(110812, 1108, 6, 'Sungai Geringging/Garingging', '2018-11-07 20:49:13', '2018-11-07 20:49:13'),
(110813, 1108, 6, 'Sungai Limau', '2018-11-07 20:49:13', '2018-11-07 20:49:13'),
(110814, 1108, 6, 'Ulakan Tapakih/Tapakis', '2018-11-07 20:49:13', '2018-11-07 20:49:13'),
(110815, 1108, 6, 'V Koto Kampung Dalam', '2018-11-07 20:49:13', '2018-11-07 20:49:13'),
(110816, 1108, 6, 'V Koto Timur', '2018-11-07 20:49:13', '2018-11-07 20:49:13'),
(110817, 1108, 6, 'VII Koto Sungai Sarik', '2018-11-07 20:49:13', '2018-11-07 20:49:13'),
(110901, 1109, 6, 'Pariaman Selatan', '2018-11-07 20:49:13', '2018-11-07 20:49:13'),
(110902, 1109, 6, 'Pariaman Tengah', '2018-11-07 20:49:13', '2018-11-07 20:49:13'),
(110903, 1109, 6, 'Pariaman Timur', '2018-11-07 20:49:13', '2018-11-07 20:49:13'),
(110904, 1109, 6, 'Pariaman Utara', '2018-11-07 20:49:13', '2018-11-07 20:49:13'),
(111001, 1110, 6, 'Bonjol', '2018-11-07 20:49:13', '2018-11-07 20:49:13'),
(111002, 1110, 6, 'Duo Koto (II Koto)', '2018-11-07 20:49:13', '2018-11-07 20:49:13'),
(111003, 1110, 6, 'Lubuk Sikaping', '2018-11-07 20:49:13', '2018-11-07 20:49:13'),
(111004, 1110, 6, 'Mapat Tunggul', '2018-11-07 20:49:13', '2018-11-07 20:49:13'),
(111005, 1110, 6, 'Mapat Tunggul Selatan', '2018-11-07 20:49:13', '2018-11-07 20:49:13'),
(111006, 1110, 6, 'Padang Gelugur', '2018-11-07 20:49:13', '2018-11-07 20:49:13'),
(111007, 1110, 6, 'Panti', '2018-11-07 20:49:13', '2018-11-07 20:49:13'),
(111008, 1110, 6, 'Rao', '2018-11-07 20:49:13', '2018-11-07 20:49:13'),
(111009, 1110, 6, 'Rao Selatan', '2018-11-07 20:49:13', '2018-11-07 20:49:13'),
(111010, 1110, 6, 'Rao Utara', '2018-11-07 20:49:13', '2018-11-07 20:49:13'),
(111011, 1110, 6, 'Simpang Alahan Mati', '2018-11-07 20:49:13', '2018-11-07 20:49:13'),
(111012, 1110, 6, 'Tigo Nagari (III Nagari)', '2018-11-07 20:49:13', '2018-11-07 20:49:13'),
(111101, 1111, 6, 'Gunung Tuleh', '2018-11-07 20:49:13', '2018-11-07 20:49:13'),
(111102, 1111, 6, 'Kinali', '2018-11-07 20:49:13', '2018-11-07 20:49:13'),
(111103, 1111, 6, 'Koto Balingka', '2018-11-07 20:49:13', '2018-11-07 20:49:13'),
(111104, 1111, 6, 'Lembah Melintang', '2018-11-07 20:49:13', '2018-11-07 20:49:13'),
(111105, 1111, 6, 'Luhak Nan Duo', '2018-11-07 20:49:13', '2018-11-07 20:49:13'),
(111106, 1111, 6, 'Pasaman', '2018-11-07 20:49:13', '2018-11-07 20:49:13'),
(111107, 1111, 6, 'Ranah Batahan', '2018-11-07 20:49:13', '2018-11-07 20:49:13'),
(111108, 1111, 6, 'Sasak Ranah Pasisir/Pesisie', '2018-11-07 20:49:13', '2018-11-07 20:49:13'),
(111109, 1111, 6, 'Sei Beremas', '2018-11-07 20:49:13', '2018-11-07 20:49:13'),
(111110, 1111, 6, 'Sungai Aur', '2018-11-07 20:49:13', '2018-11-07 20:49:13'),
(111111, 1111, 6, 'Talamau', '2018-11-07 20:49:13', '2018-11-07 20:49:13'),
(111201, 1112, 6, 'Lamposi Tigo Nagari', '2018-11-07 20:49:13', '2018-11-07 20:49:13'),
(111202, 1112, 6, 'Payakumbuh Barat', '2018-11-07 20:49:13', '2018-11-07 20:49:13'),
(111203, 1112, 6, 'Payakumbuh Selatan', '2018-11-07 20:49:13', '2018-11-07 20:49:13'),
(111204, 1112, 6, 'Payakumbuh Timur', '2018-11-07 20:49:13', '2018-11-07 20:49:13'),
(111205, 1112, 6, 'Payakumbuh Utara', '2018-11-07 20:49:13', '2018-11-07 20:49:13'),
(111301, 1113, 6, 'Airpura', '2018-11-07 20:49:13', '2018-11-07 20:49:13'),
(111302, 1113, 6, 'Basa Ampek Balai Tapan', '2018-11-07 20:49:13', '2018-11-07 20:49:13'),
(111303, 1113, 6, 'Batang Kapas', '2018-11-07 20:49:13', '2018-11-07 20:49:13'),
(111304, 1113, 6, 'Bayang', '2018-11-07 20:49:13', '2018-11-07 20:49:13'),
(111305, 1113, 6, 'IV Jurai', '2018-11-07 20:49:13', '2018-11-07 20:49:13'),
(111306, 1113, 6, 'IV Nagari Bayang Utara', '2018-11-07 20:49:13', '2018-11-07 20:49:13'),
(111307, 1113, 6, 'Koto XI Tarusan', '2018-11-07 20:49:13', '2018-11-07 20:49:13'),
(111308, 1113, 6, 'Lengayang', '2018-11-07 20:49:13', '2018-11-07 20:49:13'),
(111309, 1113, 6, 'Linggo Sari Baganti', '2018-11-07 20:49:13', '2018-11-07 20:49:13'),
(111310, 1113, 6, 'Lunang', '2018-11-07 20:49:13', '2018-11-07 20:49:13'),
(111311, 1113, 6, 'Pancung Soal', '2018-11-07 20:49:13', '2018-11-07 20:49:13'),
(111312, 1113, 6, 'Ranah Ampek Hulu Tapan', '2018-11-07 20:49:13', '2018-11-07 20:49:13'),
(111313, 1113, 6, 'Ranah Pesisir', '2018-11-07 20:49:13', '2018-11-07 20:49:13'),
(111314, 1113, 6, 'Silaut', '2018-11-07 20:49:13', '2018-11-07 20:49:13'),
(111315, 1113, 6, 'Sutera', '2018-11-07 20:49:13', '2018-11-07 20:49:13'),
(111401, 1114, 6, 'Barangin', '2018-11-07 20:49:13', '2018-11-07 20:49:13'),
(111402, 1114, 6, 'Lembah Segar', '2018-11-07 20:49:13', '2018-11-07 20:49:13'),
(111403, 1114, 6, 'Silungkang', '2018-11-07 20:49:13', '2018-11-07 20:49:13'),
(111404, 1114, 6, 'Talawi', '2018-11-07 20:49:13', '2018-11-07 20:49:13'),
(111501, 1115, 6, 'IV Nagari', '2018-11-07 20:49:13', '2018-11-07 20:49:13'),
(111502, 1115, 6, 'Kamang Baru', '2018-11-07 20:49:13', '2018-11-07 20:49:13'),
(111503, 1115, 6, 'Koto VII', '2018-11-07 20:49:13', '2018-11-07 20:49:13'),
(111504, 1115, 6, 'Kupitan', '2018-11-07 20:49:13', '2018-11-07 20:49:13'),
(111505, 1115, 6, 'Lubuak Tarok', '2018-11-07 20:49:13', '2018-11-07 20:49:13'),
(111506, 1115, 6, 'Sijunjung', '2018-11-07 20:49:13', '2018-11-07 20:49:13'),
(111507, 1115, 6, 'Sumpur Kudus', '2018-11-07 20:49:13', '2018-11-07 20:49:13'),
(111508, 1115, 6, 'Tanjung Gadang', '2018-11-07 20:49:13', '2018-11-07 20:49:13'),
(111601, 1116, 6, 'Lubuk Sikarah', '2018-11-07 20:49:13', '2018-11-07 20:49:13'),
(111602, 1116, 6, 'Tanjung Harapan', '2018-11-07 20:49:13', '2018-11-07 20:49:13'),
(111603, 1116, 6, 'Bukit Sundi', '2018-11-07 20:49:13', '2018-11-07 20:49:13'),
(111604, 1116, 6, 'Danau Kembar', '2018-11-07 20:49:13', '2018-11-07 20:49:13'),
(111605, 1116, 6, 'Gunung Talang', '2018-11-07 20:49:13', '2018-11-07 20:49:13'),
(111606, 1116, 6, 'Hiliran Gumanti', '2018-11-07 20:49:13', '2018-11-07 20:49:13'),
(111607, 1116, 6, 'IX Koto Sungai Lasi', '2018-11-07 20:49:13', '2018-11-07 20:49:13'),
(111608, 1116, 6, 'Junjung Sirih', '2018-11-07 20:49:13', '2018-11-07 20:49:13'),
(111609, 1116, 6, 'Kubung', '2018-11-07 20:49:13', '2018-11-07 20:49:13'),
(111610, 1116, 6, 'Lembah Gumanti', '2018-11-07 20:49:13', '2018-11-07 20:49:13'),
(111611, 1116, 6, 'Lembang Jaya', '2018-11-07 20:49:13', '2018-11-07 20:49:13'),
(111612, 1116, 6, 'Pantai Cermin', '2018-11-07 20:49:13', '2018-11-07 20:49:13'),
(111613, 1116, 6, 'Payung Sekaki', '2018-11-07 20:49:13', '2018-11-07 20:49:13'),
(111614, 1116, 6, 'Tigo Lurah', '2018-11-07 20:49:13', '2018-11-07 20:49:13'),
(111615, 1116, 6, 'X Koto Diatas', '2018-11-07 20:49:13', '2018-11-07 20:49:13'),
(111616, 1116, 6, 'X Koto Singkarak', '2018-11-07 20:49:13', '2018-11-07 20:49:13'),
(111701, 1117, 6, 'Koto Parik Gadang Diateh', '2018-11-07 20:49:13', '2018-11-07 20:49:13'),
(111702, 1117, 6, 'Pauh Duo', '2018-11-07 20:49:13', '2018-11-07 20:49:13'),
(111703, 1117, 6, 'Sangir', '2018-11-07 20:49:13', '2018-11-07 20:49:13'),
(111704, 1117, 6, 'Sangir Balai Janggo', '2018-11-07 20:49:13', '2018-11-07 20:49:13'),
(111705, 1117, 6, 'Sangir Batang Hari', '2018-11-07 20:49:13', '2018-11-07 20:49:13'),
(111706, 1117, 6, 'Sangir Jujuan', '2018-11-07 20:49:13', '2018-11-07 20:49:13'),
(111707, 1117, 6, 'Sungai Pagu', '2018-11-07 20:49:13', '2018-11-07 20:49:13'),
(111801, 1118, 6, 'Batipuh', '2018-11-07 20:49:13', '2018-11-07 20:49:13'),
(111802, 1118, 6, 'Batipuh Selatan', '2018-11-07 20:49:13', '2018-11-07 20:49:13'),
(111803, 1118, 6, 'Lima Kaum', '2018-11-07 20:49:13', '2018-11-07 20:49:13'),
(111804, 1118, 6, 'Lintau Buo', '2018-11-07 20:49:13', '2018-11-07 20:49:13'),
(111805, 1118, 6, 'Lintau Buo Utara', '2018-11-07 20:49:13', '2018-11-07 20:49:13'),
(111806, 1118, 6, 'Padang Ganting', '2018-11-07 20:49:13', '2018-11-07 20:49:13'),
(111807, 1118, 6, 'Pariangan', '2018-11-07 20:49:13', '2018-11-07 20:49:13'),
(111808, 1118, 6, 'Rambatan', '2018-11-07 20:49:13', '2018-11-07 20:49:13'),
(111809, 1118, 6, 'Salimpaung', '2018-11-07 20:49:13', '2018-11-07 20:49:13'),
(111810, 1118, 6, 'Sepuluh Koto (X Koto)', '2018-11-07 20:49:13', '2018-11-07 20:49:13'),
(111811, 1118, 6, 'Sungai Tarab', '2018-11-07 20:49:13', '2018-11-07 20:49:13'),
(111812, 1118, 6, 'Sungayang', '2018-11-07 20:49:13', '2018-11-07 20:49:13'),
(111813, 1118, 6, 'Tanjung Baru', '2018-11-07 20:49:13', '2018-11-07 20:49:13'),
(111814, 1118, 6, 'Tanjung Emas', '2018-11-07 20:49:13', '2018-11-07 20:49:13');

-- --------------------------------------------------------

--
-- Table structure for table `kelurahans`
--

CREATE TABLE `kelurahans` (
  `id` int(10) UNSIGNED NOT NULL,
  `kokab_id` int(11) NOT NULL,
  `kecamatan_id` int(11) NOT NULL,
  `province_id` int(11) NOT NULL,
  `kelurahan_name` varchar(255) COLLATE utf8_unicode_ci NOT NULL,
  `created_at` timestamp NULL DEFAULT NULL,
  `updated_at` timestamp NULL DEFAULT NULL
) ENGINE=InnoDB DEFAULT CHARSET=utf8 COLLATE=utf8_unicode_ci;

--
-- Dumping data for table `kelurahans`
--

INSERT INTO `kelurahans` (`id`, `kokab_id`, `kecamatan_id`, `province_id`, `kelurahan_name`, `created_at`, `updated_at`) VALUES
(11010101, 1101, 110101, 6, 'Batu Kambing', '2018-11-07 20:49:13', '2018-11-07 20:49:13'),
(11010102, 1101, 110101, 6, 'Bawan', '2018-11-07 20:49:13', '2018-11-07 20:49:13'),
(11010103, 1101, 110101, 6, 'Sitalang', '2018-11-07 20:49:13', '2018-11-07 20:49:13'),
(11010104, 1101, 110101, 6, 'Sitanang', '2018-11-07 20:49:13', '2018-11-07 20:49:13'),
(11010201, 1101, 110102, 6, 'Cingkariang', '2018-11-07 20:49:13', '2018-11-07 20:49:13'),
(11010202, 1101, 110102, 6, 'Kubang Putiah', '2018-11-07 20:49:13', '2018-11-07 20:49:13'),
(11010203, 1101, 110102, 6, 'Ladang Laweh', '2018-11-07 20:49:13', '2018-11-07 20:49:13'),
(11010204, 1101, 110102, 6, 'Padang Lua', '2018-11-07 20:49:13', '2018-11-07 20:49:13'),
(11010205, 1101, 110102, 6, 'Pakan Sinayan', '2018-11-07 20:49:13', '2018-11-07 20:49:13'),
(11010206, 1101, 110102, 6, 'Taluak Ampek Suku', '2018-11-07 20:49:13', '2018-11-07 20:49:13'),
(11010301, 1101, 110103, 6, 'Bungo Koto Tuo', '2018-11-07 20:49:13', '2018-11-07 20:49:13'),
(11010302, 1101, 110103, 6, 'Koto Baru III Jorong', '2018-11-07 20:49:13', '2018-11-07 20:49:13'),
(11010303, 1101, 110103, 6, 'Koto Tinggi', '2018-11-07 20:49:13', '2018-11-07 20:49:13'),
(11010304, 1101, 110103, 6, 'Padang Tarok', '2018-11-07 20:49:13', '2018-11-07 20:49:13'),
(11010305, 1101, 110103, 6, 'Salo', '2018-11-07 20:49:13', '2018-11-07 20:49:13'),
(11010306, 1101, 110103, 6, 'Simarasok', '2018-11-07 20:49:13', '2018-11-07 20:49:13'),
(11010307, 1101, 110103, 6, 'Tabek Panjang', '2018-11-07 20:49:13', '2018-11-07 20:49:13'),
(11010401, 1101, 110104, 6, 'Bukik Batabuah', '2018-11-07 20:49:13', '2018-11-07 20:49:13'),
(11010402, 1101, 110104, 6, 'Canduang Koto Laweh', '2018-11-07 20:49:13', '2018-11-07 20:49:13'),
(11010403, 1101, 110104, 6, 'Lasi', '2018-11-07 20:49:13', '2018-11-07 20:49:13'),
(11010501, 1101, 110105, 6, 'Ampang Gadang', '2018-11-07 20:49:13', '2018-11-07 20:49:13'),
(11010502, 1101, 110105, 6, 'Balai Gurah', '2018-11-07 20:49:13', '2018-11-07 20:49:13'),
(11010503, 1101, 110105, 6, 'Batu Taba', '2018-11-07 20:49:13', '2018-11-07 20:49:13'),
(11010504, 1101, 110105, 6, 'Biaro Gadang', '2018-11-07 20:49:13', '2018-11-07 20:49:13'),
(11010505, 1101, 110105, 6, 'Lambah', '2018-11-07 20:49:13', '2018-11-07 20:49:13'),
(11010506, 1101, 110105, 6, 'Panampung', '2018-11-07 20:49:13', '2018-11-07 20:49:13'),
(11010507, 1101, 110105, 6, 'Pasia', '2018-11-07 20:49:13', '2018-11-07 20:49:13'),
(11010601, 1101, 110106, 6, 'Balingka', '2018-11-07 20:49:13', '2018-11-07 20:49:13'),
(11010602, 1101, 110106, 6, 'Guguk Tabek Sarajo', '2018-11-07 20:49:13', '2018-11-07 20:49:13'),
(11010603, 1101, 110106, 6, 'Koto Gadang', '2018-11-07 20:49:13', '2018-11-07 20:49:13'),
(11010604, 1101, 110106, 6, 'Koto Panjang', '2018-11-07 20:49:13', '2018-11-07 20:49:13'),
(11010605, 1101, 110106, 6, 'Koto Tuo', '2018-11-07 20:49:13', '2018-11-07 20:49:13'),
(11010606, 1101, 110106, 6, 'Sianok Anam Suku', '2018-11-07 20:49:13', '2018-11-07 20:49:13'),
(11010607, 1101, 110106, 6, 'Sungai Landia', '2018-11-07 20:49:13', '2018-11-07 20:49:13'),
(11010701, 1101, 110107, 6, 'Kamang Hilia', '2018-11-07 20:49:13', '2018-11-07 20:49:13'),
(11010702, 1101, 110107, 6, 'Kamang Mudiak', '2018-11-07 20:49:13', '2018-11-07 20:49:13'),
(11010703, 1101, 110107, 6, 'Magek', '2018-11-07 20:49:13', '2018-11-07 20:49:13'),
(11010801, 1101, 110108, 6, 'Geragahan', '2018-11-07 20:49:13', '2018-11-07 20:49:13'),
(11010802, 1101, 110108, 6, 'Kampung Pinang', '2018-11-07 20:49:13', '2018-11-07 20:49:13'),
(11010803, 1101, 110108, 6, 'Kampung Tangah', '2018-11-07 20:49:13', '2018-11-07 20:49:13'),
(11010804, 1101, 110108, 6, 'Lubuk Basung', '2018-11-07 20:49:13', '2018-11-07 20:49:13'),
(11010805, 1101, 110108, 6, 'Manggopoh', '2018-11-07 20:49:13', '2018-11-07 20:49:13'),
(11010901, 1101, 110109, 6, 'Malalak Barat', '2018-11-07 20:49:13', '2018-11-07 20:49:13'),
(11010902, 1101, 110109, 6, 'Malalak Selatan', '2018-11-07 20:49:13', '2018-11-07 20:49:13'),
(11010903, 1101, 110109, 6, 'Malalak Timur', '2018-11-07 20:49:13', '2018-11-07 20:49:13'),
(11010904, 1101, 110109, 6, 'Malalak Utara', '2018-11-07 20:49:13', '2018-11-07 20:49:13'),
(11011001, 1101, 110110, 6, 'Lawang', '2018-11-07 20:49:13', '2018-11-07 20:49:13'),
(11011002, 1101, 110110, 6, 'Matur Hilia', '2018-11-07 20:49:13', '2018-11-07 20:49:13'),
(11011003, 1101, 110110, 6, 'Matur Mudiak', '2018-11-07 20:49:13', '2018-11-07 20:49:13'),
(11011004, 1101, 110110, 6, 'Panta Pauh', '2018-11-07 20:49:13', '2018-11-07 20:49:13'),
(11011005, 1101, 110110, 6, 'Parik Panjang', '2018-11-07 20:49:13', '2018-11-07 20:49:13'),
(11011006, 1101, 110110, 6, 'Tigo Balai', '2018-11-07 20:49:13', '2018-11-07 20:49:13'),
(11011101, 1101, 110111, 6, 'Ampek Koto Palembayan', '2018-11-07 20:49:13', '2018-11-07 20:49:13'),
(11011102, 1101, 110111, 6, 'Baringin', '2018-11-07 20:49:13', '2018-11-07 20:49:13'),
(11011103, 1101, 110111, 6, 'Salareh Aia', '2018-11-07 20:49:13', '2018-11-07 20:49:13'),
(11011104, 1101, 110111, 6, 'Sipinang', '2018-11-07 20:49:13', '2018-11-07 20:49:13'),
(11011105, 1101, 110111, 6, 'Sungai Puar', '2018-11-07 20:49:13', '2018-11-07 20:49:13'),
(11011106, 1101, 110111, 6, 'Tigo Koto Silungkang', '2018-11-07 20:49:13', '2018-11-07 20:49:13'),
(11011201, 1101, 110112, 6, 'Koto Rantang', '2018-11-07 20:49:13', '2018-11-07 20:49:13'),
(11011202, 1101, 110112, 6, 'Nan Tujuah', '2018-11-07 20:49:13', '2018-11-07 20:49:13'),
(11011203, 1101, 110112, 6, 'Pagadih', '2018-11-07 20:49:13', '2018-11-07 20:49:13'),
(11011204, 1101, 110112, 6, 'Pasia Laweh', '2018-11-07 20:49:13', '2018-11-07 20:49:13'),
(11011301, 1101, 110113, 6, 'Batagak', '2018-11-07 20:49:13', '2018-11-07 20:49:13'),
(11011302, 1101, 110113, 6, 'Batu Palano', '2018-11-07 20:49:13', '2018-11-07 20:49:13'),
(11011303, 1101, 110113, 6, 'Padang Laweh', '2018-11-07 20:49:13', '2018-11-07 20:49:13'),
(11011304, 1101, 110113, 6, 'Sariak', '2018-11-07 20:49:13', '2018-11-07 20:49:13'),
(11011305, 1101, 110113, 6, 'Sungai Pua', '2018-11-07 20:49:13', '2018-11-07 20:49:13'),
(11011401, 1101, 110114, 6, 'Tiku Limo Jorong', '2018-11-07 20:49:13', '2018-11-07 20:49:13'),
(11011402, 1101, 110114, 6, 'Tiku Selatan', '2018-11-07 20:49:13', '2018-11-07 20:49:13'),
(11011403, 1101, 110114, 6, 'Tiku Utara', '2018-11-07 20:49:13', '2018-11-07 20:49:13'),
(11011501, 1101, 110115, 6, 'Bayua', '2018-11-07 20:49:13', '2018-11-07 20:49:13'),
(11011502, 1101, 110115, 6, 'Duo Koto', '2018-11-07 20:49:13', '2018-11-07 20:49:13'),
(11011503, 1101, 110115, 6, 'Koto Gadang', '2018-11-07 20:49:13', '2018-11-07 20:49:13'),
(11011504, 1101, 110115, 6, 'Koto Kaciak', '2018-11-07 20:49:13', '2018-11-07 20:49:13'),
(11011505, 1101, 110115, 6, 'Koto Malintang', '2018-11-07 20:49:13', '2018-11-07 20:49:13'),
(11011506, 1101, 110115, 6, 'Maninjau', '2018-11-07 20:49:13', '2018-11-07 20:49:13'),
(11011507, 1101, 110115, 6, 'Paninjauan', '2018-11-07 20:49:13', '2018-11-07 20:49:13'),
(11011508, 1101, 110115, 6, 'Sungai Batang', '2018-11-07 20:49:13', '2018-11-07 20:49:13'),
(11011509, 1101, 110115, 6, 'Tanjung Sani', '2018-11-07 20:49:13', '2018-11-07 20:49:13'),
(11011601, 1101, 110116, 6, 'Gaduk', '2018-11-07 20:49:13', '2018-11-07 20:49:13'),
(11011602, 1101, 110116, 6, 'Kapau', '2018-11-07 20:49:13', '2018-11-07 20:49:13'),
(11011603, 1101, 110116, 6, 'Koto Tangah', '2018-11-07 20:49:13', '2018-11-07 20:49:13'),
(11020101, 1102, 110201, 6, 'Aur Kuning', '2018-11-07 20:49:13', '2018-11-07 20:49:13'),
(11020102, 1102, 110201, 6, 'Belakang Balok', '2018-11-07 20:49:13', '2018-11-07 20:49:13'),
(11020103, 1102, 110201, 6, 'Birugo', '2018-11-07 20:49:13', '2018-11-07 20:49:13'),
(11020104, 1102, 110201, 6, 'Kubu Tanjung', '2018-11-07 20:49:13', '2018-11-07 20:49:13'),
(11020105, 1102, 110201, 6, 'Ladang Cakiah', '2018-11-07 20:49:13', '2018-11-07 20:49:13'),
(11020106, 1102, 110201, 6, 'Pakan Labuh/Labuah', '2018-11-07 20:49:13', '2018-11-07 20:49:13'),
(11020107, 1102, 110201, 6, 'Parit Antang', '2018-11-07 20:49:13', '2018-11-07 20:49:13'),
(11020108, 1102, 110201, 6, 'Sapiran', '2018-11-07 20:49:13', '2018-11-07 20:49:13'),
(11020201, 1102, 110202, 6, 'Aur Tajungkang Tengah Sawah', '2018-11-07 20:49:13', '2018-11-07 20:49:13'),
(11020202, 1102, 110202, 6, 'Benteng Pasar Atas', '2018-11-07 20:49:13', '2018-11-07 20:49:13'),
(11020203, 1102, 110202, 6, 'Bukit Apit Puhun', '2018-11-07 20:49:13', '2018-11-07 20:49:13'),
(11020204, 1102, 110202, 6, 'Bukit Cangang Kayu Ramang', '2018-11-07 20:49:13', '2018-11-07 20:49:13'),
(11020205, 1102, 110202, 6, 'Kayu Kubu', '2018-11-07 20:49:13', '2018-11-07 20:49:13'),
(11020206, 1102, 110202, 6, 'Pakan Kurai', '2018-11-07 20:49:13', '2018-11-07 20:49:13'),
(11020207, 1102, 110202, 6, 'Tarok Dipo', '2018-11-07 20:49:13', '2018-11-07 20:49:13'),
(11020301, 1102, 110203, 6, 'Campago Guguk Bulek', '2018-11-07 20:49:13', '2018-11-07 20:49:13'),
(11020302, 1102, 110203, 6, 'Campago Ipuh', '2018-11-07 20:49:13', '2018-11-07 20:49:13'),
(11020303, 1102, 110203, 6, 'Garegeh', '2018-11-07 20:49:13', '2018-11-07 20:49:13'),
(11020304, 1102, 110203, 6, 'Koto Selayan', '2018-11-07 20:49:13', '2018-11-07 20:49:13'),
(11020305, 1102, 110203, 6, 'Kubu Gulai Bancah', '2018-11-07 20:49:13', '2018-11-07 20:49:13'),
(11020306, 1102, 110203, 6, 'Manggis Ganting', '2018-11-07 20:49:13', '2018-11-07 20:49:13'),
(11020307, 1102, 110203, 6, 'Puhun Pintu Kabun', '2018-11-07 20:49:13', '2018-11-07 20:49:13'),
(11020308, 1102, 110203, 6, 'Puhun Tembok', '2018-11-07 20:49:13', '2018-11-07 20:49:13'),
(11020309, 1102, 110203, 6, 'Pulai Anak Air', '2018-11-07 20:49:13', '2018-11-07 20:49:13'),
(11030101, 1103, 110301, 6, 'Alahan Nan Tigo', '2018-11-07 20:49:13', '2018-11-07 20:49:13'),
(11030102, 1103, 110301, 6, 'Lubuk Besar', '2018-11-07 20:49:13', '2018-11-07 20:49:13'),
(11030103, 1103, 110301, 6, 'Sei/Sungai Limau', '2018-11-07 20:49:13', '2018-11-07 20:49:13'),
(11030104, 1103, 110301, 6, 'Sinamar', '2018-11-07 20:49:13', '2018-11-07 20:49:13'),
(11030105, 1103, 110301, 6, 'Tanjung Alam', '2018-11-07 20:49:13', '2018-11-07 20:49:13'),
(11030201, 1103, 110302, 6, 'Ampang Kuranji', '2018-11-07 20:49:13', '2018-11-07 20:49:13'),
(11030202, 1103, 110302, 6, 'Koto Baru', '2018-11-07 20:49:13', '2018-11-07 20:49:13'),
(11030203, 1103, 110302, 6, 'Koto Padang', '2018-11-07 20:49:13', '2018-11-07 20:49:13'),
(11030204, 1103, 110302, 6, 'Sialang Gaung', '2018-11-07 20:49:13', '2018-11-07 20:49:13'),
(11030301, 1103, 110303, 6, 'Abai Siat', '2018-11-07 20:49:13', '2018-11-07 20:49:13'),
(11030302, 1103, 110303, 6, 'Bonjol', '2018-11-07 20:49:13', '2018-11-07 20:49:13'),
(11030303, 1103, 110303, 6, 'Koto Besar', '2018-11-07 20:49:13', '2018-11-07 20:49:13'),
(11030304, 1103, 110303, 6, 'Koto Gadang', '2018-11-07 20:49:13', '2018-11-07 20:49:13'),
(11030305, 1103, 110303, 6, 'Koto Laweh', '2018-11-07 20:49:13', '2018-11-07 20:49:13'),
(11030306, 1103, 110303, 6, 'Koto Ranah', '2018-11-07 20:49:13', '2018-11-07 20:49:13'),
(11030307, 1103, 110303, 6, 'Koto Tinggi', '2018-11-07 20:49:13', '2018-11-07 20:49:13'),
(11030401, 1103, 110304, 6, 'Ampalu', '2018-11-07 20:49:13', '2018-11-07 20:49:13'),
(11030402, 1103, 110304, 6, 'Koto Salak', '2018-11-07 20:49:13', '2018-11-07 20:49:13'),
(11030403, 1103, 110304, 6, 'Padukuan', '2018-11-07 20:49:13', '2018-11-07 20:49:13'),
(11030404, 1103, 110304, 6, 'Pulau Mainan', '2018-11-07 20:49:13', '2018-11-07 20:49:13'),
(11030405, 1103, 110304, 6, 'Simalidu', '2018-11-07 20:49:13', '2018-11-07 20:49:13'),
(11030501, 1103, 110305, 6, 'Batu Rijal', '2018-11-07 20:49:13', '2018-11-07 20:49:13'),
(11030502, 1103, 110305, 6, 'Muaro Sopan', '2018-11-07 20:49:13', '2018-11-07 20:49:13'),
(11030503, 1103, 110305, 6, 'Padang Laweh', '2018-11-07 20:49:13', '2018-11-07 20:49:13'),
(11030504, 1103, 110305, 6, 'Sopan Jaya', '2018-11-07 20:49:13', '2018-11-07 20:49:13'),
(11030601, 1103, 110306, 6, 'Empat Koto Pulau Punjung', '2018-11-07 20:49:13', '2018-11-07 20:49:13'),
(11030602, 1103, 110306, 6, 'Gunung Selasih', '2018-11-07 20:49:13', '2018-11-07 20:49:13'),
(11030603, 1103, 110306, 6, 'Sikabau', '2018-11-07 20:49:13', '2018-11-07 20:49:13'),
(11030604, 1103, 110306, 6, 'Sungai Dareh', '2018-11-07 20:49:13', '2018-11-07 20:49:13'),
(11030605, 1103, 110306, 6, 'Sungai Kambut', '2018-11-07 20:49:13', '2018-11-07 20:49:13'),
(11030606, 1103, 110306, 6, 'Tebing Tinggi', '2018-11-07 20:49:13', '2018-11-07 20:49:13'),
(11030701, 1103, 110307, 6, 'Banai', '2018-11-07 20:49:13', '2018-11-07 20:49:13'),
(11030702, 1103, 110307, 6, 'Koto Nan Empat Dibawuh', '2018-11-07 20:49:13', '2018-11-07 20:49:13'),
(11030703, 1103, 110307, 6, 'Lubuak Karak', '2018-11-07 20:49:13', '2018-11-07 20:49:13'),
(11030704, 1103, 110307, 6, 'Silago', '2018-11-07 20:49:13', '2018-11-07 20:49:13'),
(11030801, 1103, 110308, 6, 'Gunung Medan', '2018-11-07 20:49:13', '2018-11-07 20:49:13'),
(11030802, 1103, 110308, 6, 'Sei/Sungai Duo', '2018-11-07 20:49:13', '2018-11-07 20:49:13'),
(11030803, 1103, 110308, 6, 'Siguntur', '2018-11-07 20:49:13', '2018-11-07 20:49:13'),
(11030804, 1103, 110308, 6, 'Sitiung', '2018-11-07 20:49:13', '2018-11-07 20:49:13'),
(11030901, 1103, 110309, 6, 'Kurnia Koto Salak', '2018-11-07 20:49:13', '2018-11-07 20:49:13'),
(11030902, 1103, 110309, 6, 'Kurnia Selatan', '2018-11-07 20:49:13', '2018-11-07 20:49:13'),
(11030903, 1103, 110309, 6, 'Sungai Rumbai', '2018-11-07 20:49:13', '2018-11-07 20:49:13'),
(11030904, 1103, 110309, 6, 'Sungai Rumbai Timur', '2018-11-07 20:49:13', '2018-11-07 20:49:13'),
(11031001, 1103, 110310, 6, 'Panyuberangan', '2018-11-07 20:49:13', '2018-11-07 20:49:13'),
(11031002, 1103, 110310, 6, 'Ranah Palabi', '2018-11-07 20:49:13', '2018-11-07 20:49:13'),
(11031003, 1103, 110310, 6, 'Tabek (Penyebrangan)', '2018-11-07 20:49:13', '2018-11-07 20:49:13'),
(11031004, 1103, 110310, 6, 'Taratak Tinggi', '2018-11-07 20:49:13', '2018-11-07 20:49:13'),
(11031005, 1103, 110310, 6, 'Timpeh', '2018-11-07 20:49:13', '2018-11-07 20:49:13'),
(11031101, 1103, 110311, 6, 'Koto Baringin', '2018-11-07 20:49:13', '2018-11-07 20:49:13'),
(11031102, 1103, 110311, 6, 'Sei/Sungai Langkok', '2018-11-07 20:49:13', '2018-11-07 20:49:13'),
(11031103, 1103, 110311, 6, 'Sipangkur', '2018-11-07 20:49:13', '2018-11-07 20:49:13'),
(11031104, 1103, 110311, 6, 'Tiumang', '2018-11-07 20:49:13', '2018-11-07 20:49:13'),
(11040101, 1104, 110401, 6, 'Bulasat', '2018-11-07 20:49:13', '2018-11-07 20:49:13'),
(11040102, 1104, 110401, 6, 'Makalo', '2018-11-07 20:49:13', '2018-11-07 20:49:13'),
(11040103, 1104, 110401, 6, 'Malakopak', '2018-11-07 20:49:13', '2018-11-07 20:49:13'),
(11040104, 1104, 110401, 6, 'Sinakak', '2018-11-07 20:49:13', '2018-11-07 20:49:13'),
(11040201, 1104, 110402, 6, 'Betumonga', '2018-11-07 20:49:13', '2018-11-07 20:49:13'),
(11040202, 1104, 110402, 6, 'Saumanganyak', '2018-11-07 20:49:13', '2018-11-07 20:49:13'),
(11040203, 1104, 110402, 6, 'Silabu', '2018-11-07 20:49:13', '2018-11-07 20:49:13'),
(11040301, 1104, 110403, 6, 'Sigapokna', '2018-11-07 20:49:13', '2018-11-07 20:49:13'),
(11040302, 1104, 110403, 6, 'Simalegi/Simaligi', '2018-11-07 20:49:13', '2018-11-07 20:49:13'),
(11040303, 1104, 110403, 6, 'Simatalu Sipokak', '2018-11-07 20:49:13', '2018-11-07 20:49:13'),
(11040401, 1104, 110404, 6, 'Katurai/Katurei', '2018-11-07 20:49:13', '2018-11-07 20:49:13'),
(11040402, 1104, 110404, 6, 'Sagulubek (Sagalubeg/Sagalubbek)', '2018-11-07 20:49:13', '2018-11-07 20:49:13'),
(11040403, 1104, 110404, 6, 'Taileleu (Pasakiat Taleleu)', '2018-11-07 20:49:13', '2018-11-07 20:49:13'),
(11040501, 1104, 110405, 6, 'Madobak Ugai', '2018-11-07 20:49:13', '2018-11-07 20:49:13'),
(11040502, 1104, 110405, 6, 'Maileppet/Maleppet', '2018-11-07 20:49:13', '2018-11-07 20:49:13'),
(11040503, 1104, 110405, 6, 'Matotonan', '2018-11-07 20:49:13', '2018-11-07 20:49:13'),
(11040504, 1104, 110405, 6, 'Muara/Muaro Siberut', '2018-11-07 20:49:13', '2018-11-07 20:49:13'),
(11040505, 1104, 110405, 6, 'Muntei', '2018-11-07 20:49:13', '2018-11-07 20:49:13'),
(11040601, 1104, 110406, 6, 'Cimpungan', '2018-11-07 20:49:13', '2018-11-07 20:49:13'),
(11040602, 1104, 110406, 6, 'Saibi Muara (Saibi Samukop/Samokop)', '2018-11-07 20:49:13', '2018-11-07 20:49:13'),
(11040603, 1104, 110406, 6, 'Saliguma', '2018-11-07 20:49:13', '2018-11-07 20:49:13'),
(11040701, 1104, 110407, 6, 'Bojakan', '2018-11-07 20:49:13', '2018-11-07 20:49:13'),
(11040702, 1104, 110407, 6, 'Malancang', '2018-11-07 20:49:13', '2018-11-07 20:49:13'),
(11040703, 1104, 110407, 6, 'Mongan Poula/Paula', '2018-11-07 20:49:13', '2018-11-07 20:49:13'),
(11040704, 1104, 110407, 6, 'Muara/Muaro Sikabaluan', '2018-11-07 20:49:13', '2018-11-07 20:49:13'),
(11040705, 1104, 110407, 6, 'Sirilogui', '2018-11-07 20:49:13', '2018-11-07 20:49:13'),
(11040706, 1104, 110407, 6, 'Sotboyak', '2018-11-07 20:49:13', '2018-11-07 20:49:13'),
(11040801, 1104, 110408, 6, 'Matobek', '2018-11-07 20:49:13', '2018-11-07 20:49:13'),
(11040802, 1104, 110408, 6, 'Sikakap', '2018-11-07 20:49:13', '2018-11-07 20:49:13'),
(11040803, 1104, 110408, 6, 'Taikako', '2018-11-07 20:49:13', '2018-11-07 20:49:13'),
(11040901, 1104, 110409, 6, 'Beriulou', '2018-11-07 20:49:13', '2018-11-07 20:49:13'),
(11040902, 1104, 110409, 6, 'Bosua', '2018-11-07 20:49:13', '2018-11-07 20:49:13'),
(11040903, 1104, 110409, 6, 'Mara', '2018-11-07 20:49:13', '2018-11-07 20:49:13'),
(11040904, 1104, 110409, 6, 'Matobek', '2018-11-07 20:49:13', '2018-11-07 20:49:13'),
(11040905, 1104, 110409, 6, 'Nem-Nem Leleu', '2018-11-07 20:49:13', '2018-11-07 20:49:13'),
(11040906, 1104, 110409, 6, 'Saureinuk', '2018-11-07 20:49:13', '2018-11-07 20:49:13'),
(11040907, 1104, 110409, 6, 'Sioban', '2018-11-07 20:49:13', '2018-11-07 20:49:13'),
(11041001, 1104, 110410, 6, 'Betumonga (Beutomonga)', '2018-11-07 20:49:13', '2018-11-07 20:49:13'),
(11041002, 1104, 110410, 6, 'Bukit Pamewa', '2018-11-07 20:49:13', '2018-11-07 20:49:13'),
(11041003, 1104, 110410, 6, 'Gosooinan (Goisooinan)', '2018-11-07 20:49:13', '2018-11-07 20:49:13'),
(11041004, 1104, 110410, 6, 'Sido Makmur', '2018-11-07 20:49:13', '2018-11-07 20:49:13'),
(11041005, 1104, 110410, 6, 'Sipora Jaya', '2018-11-07 20:49:13', '2018-11-07 20:49:13'),
(11041006, 1104, 110410, 6, 'Tuapejat', '2018-11-07 20:49:13', '2018-11-07 20:49:13'),
(11050101, 1105, 110501, 6, 'Batu Hampa', '2018-11-07 20:49:13', '2018-11-07 20:49:13'),
(11050102, 1105, 110501, 6, 'Durian Gadang', '2018-11-07 20:49:13', '2018-11-07 20:49:13'),
(11050103, 1105, 110501, 6, 'Koto Tangah Batu Hampa', '2018-11-07 20:49:13', '2018-11-07 20:49:13'),
(11050104, 1105, 110501, 6, 'Pauh Sangik', '2018-11-07 20:49:13', '2018-11-07 20:49:13'),
(11050105, 1105, 110501, 6, 'Sariak Laweh', '2018-11-07 20:49:13', '2018-11-07 20:49:13'),
(11050106, 1105, 110501, 6, 'Sei/Sungai Balantik', '2018-11-07 20:49:13', '2018-11-07 20:49:13'),
(11050107, 1105, 110501, 6, 'Suayan', '2018-11-07 20:49:13', '2018-11-07 20:49:13'),
(11050201, 1105, 110502, 6, 'Banja Laweh', '2018-11-07 20:49:13', '2018-11-07 20:49:13'),
(11050202, 1105, 110502, 6, 'Baruah Gunuang', '2018-11-07 20:49:13', '2018-11-07 20:49:13'),
(11050203, 1105, 110502, 6, 'Koto Tangah', '2018-11-07 20:49:13', '2018-11-07 20:49:13'),
(11050204, 1105, 110502, 6, 'Maek', '2018-11-07 20:49:13', '2018-11-07 20:49:13'),
(11050205, 1105, 110502, 6, 'Sungai Naniang', '2018-11-07 20:49:13', '2018-11-07 20:49:13'),
(11050301, 1105, 110503, 6, 'Guguak VIII Koto', '2018-11-07 20:49:13', '2018-11-07 20:49:13'),
(11050302, 1105, 110503, 6, 'Kubang', '2018-11-07 20:49:13', '2018-11-07 20:49:13'),
(11050303, 1105, 110503, 6, 'Simpang Sugiran', '2018-11-07 20:49:13', '2018-11-07 20:49:13'),
(11050304, 1105, 110503, 6, 'Sungai Talang', '2018-11-07 20:49:13', '2018-11-07 20:49:13'),
(11050305, 1105, 110503, 6, 'VII/Tujuh Koto Talago', '2018-11-07 20:49:13', '2018-11-07 20:49:13'),
(11050401, 1105, 110504, 6, 'Koto Tinggi', '2018-11-07 20:49:13', '2018-11-07 20:49:13'),
(11050402, 1105, 110504, 6, 'Pandam Gadang', '2018-11-07 20:49:13', '2018-11-07 20:49:13'),
(11050403, 1105, 110504, 6, 'Talang Anau', '2018-11-07 20:49:13', '2018-11-07 20:49:13'),
(11050501, 1105, 110505, 6, 'Batu Balang', '2018-11-07 20:49:13', '2018-11-07 20:49:13'),
(11050502, 1105, 110505, 6, 'Bukik Limbuku', '2018-11-07 20:49:13', '2018-11-07 20:49:13'),
(11050503, 1105, 110505, 6, 'Gurun', '2018-11-07 20:49:13', '2018-11-07 20:49:13'),
(11050504, 1105, 110505, 6, 'Harau', '2018-11-07 20:49:13', '2018-11-07 20:49:13'),
(11050505, 1105, 110505, 6, 'Koto Tuo', '2018-11-07 20:49:13', '2018-11-07 20:49:13'),
(11050506, 1105, 110505, 6, 'Lubuak Batingkok', '2018-11-07 20:49:13', '2018-11-07 20:49:13'),
(11050507, 1105, 110505, 6, 'Pilubang', '2018-11-07 20:49:13', '2018-11-07 20:49:13'),
(11050508, 1105, 110505, 6, 'Sarilamak', '2018-11-07 20:49:13', '2018-11-07 20:49:13'),
(11050509, 1105, 110505, 6, 'Solok Bio-Bio', '2018-11-07 20:49:13', '2018-11-07 20:49:13'),
(11050510, 1105, 110505, 6, 'Taram', '2018-11-07 20:49:13', '2018-11-07 20:49:13'),
(11050511, 1105, 110505, 6, 'Tarantang', '2018-11-07 20:49:13', '2018-11-07 20:49:13'),
(11050601, 1105, 110506, 6, 'Durian Tinggi', '2018-11-07 20:49:13', '2018-11-07 20:49:13'),
(11050602, 1105, 110506, 6, 'Galugua/Gelugur', '2018-11-07 20:49:13', '2018-11-07 20:49:13'),
(11050603, 1105, 110506, 6, 'Koto Bangun', '2018-11-07 20:49:13', '2018-11-07 20:49:13'),
(11050604, 1105, 110506, 6, 'Koto Lamo', '2018-11-07 20:49:13', '2018-11-07 20:49:13'),
(11050605, 1105, 110506, 6, 'Lubuk/Lubuak Alai', '2018-11-07 20:49:13', '2018-11-07 20:49:13'),
(11050606, 1105, 110506, 6, 'Muaro Paiti', '2018-11-07 20:49:13', '2018-11-07 20:49:13'),
(11050607, 1105, 110506, 6, 'Sialang', '2018-11-07 20:49:13', '2018-11-07 20:49:13'),
(11050701, 1105, 110507, 6, 'Ampalu', '2018-11-07 20:49:13', '2018-11-07 20:49:13'),
(11050702, 1105, 110507, 6, 'Balai Panjang', '2018-11-07 20:49:13', '2018-11-07 20:49:13'),
(11050703, 1105, 110507, 6, 'Batu Payung', '2018-11-07 20:49:13', '2018-11-07 20:49:13'),
(11050704, 1105, 110507, 6, 'Bukik Sikumpa', '2018-11-07 20:49:13', '2018-11-07 20:49:13'),
(11050705, 1105, 110507, 6, 'Halaban', '2018-11-07 20:49:13', '2018-11-07 20:49:13'),
(11050706, 1105, 110507, 6, 'Labuah Gunuang', '2018-11-07 20:49:13', '2018-11-07 20:49:13'),
(11050707, 1105, 110507, 6, 'Sitanang', '2018-11-07 20:49:13', '2018-11-07 20:49:13'),
(11050708, 1105, 110507, 6, 'Tanjung/Tanjuang Gadang', '2018-11-07 20:49:13', '2018-11-07 20:49:13'),
(11050801, 1105, 110508, 6, 'Andaleh', '2018-11-07 20:49:13', '2018-11-07 20:49:13'),
(11050802, 1105, 110508, 6, 'Mungo', '2018-11-07 20:49:13', '2018-11-07 20:49:13'),
(11050803, 1105, 110508, 6, 'Sungai Kamuyang', '2018-11-07 20:49:13', '2018-11-07 20:49:13'),
(11050804, 1105, 110508, 6, 'Tanjung Haro (Sikabu-Kabu/Tanjuang Haro)', '2018-11-07 20:49:13', '2018-11-07 20:49:13'),
(11050901, 1105, 110509, 6, 'Jopang Manganti', '2018-11-07 20:49:13', '2018-11-07 20:49:13'),
(11050902, 1105, 110509, 6, 'Mungka', '2018-11-07 20:49:13', '2018-11-07 20:49:13'),
(11050903, 1105, 110509, 6, 'Simpang Kapuak', '2018-11-07 20:49:13', '2018-11-07 20:49:13'),
(11050904, 1105, 110509, 6, 'Sungai Antuan', '2018-11-07 20:49:13', '2018-11-07 20:49:13'),
(11050905, 1105, 110509, 6, 'Talang Maua', '2018-11-07 20:49:13', '2018-11-07 20:49:13'),
(11051001, 1105, 110510, 6, 'Gunuang Malintang', '2018-11-07 20:49:13', '2018-11-07 20:49:13'),
(11051002, 1105, 110510, 6, 'Koto Alam', '2018-11-07 20:49:13', '2018-11-07 20:49:13'),
(11051003, 1105, 110510, 6, 'Manggilang', '2018-11-07 20:49:13', '2018-11-07 20:49:13'),
(11051004, 1105, 110510, 6, 'Pangkalan', '2018-11-07 20:49:13', '2018-11-07 20:49:13'),
(11051005, 1105, 110510, 6, 'Tanjung/Tanjuang Balik', '2018-11-07 20:49:13', '2018-11-07 20:49:13'),
(11051006, 1105, 110510, 6, 'Tanjung/Tanjuang Pauah', '2018-11-07 20:49:13', '2018-11-07 20:49:13'),
(11051101, 1105, 110511, 6, 'Koto Baru Simalanggang', '2018-11-07 20:49:13', '2018-11-07 20:49:13'),
(11051102, 1105, 110511, 6, 'Koto Tangah Simalanggang', '2018-11-07 20:49:13', '2018-11-07 20:49:13'),
(11051103, 1105, 110511, 6, 'Piobang', '2018-11-07 20:49:13', '2018-11-07 20:49:13'),
(11051104, 1105, 110511, 6, 'Simalanggang', '2018-11-07 20:49:13', '2018-11-07 20:49:13'),
(11051105, 1105, 110511, 6, 'Sungai Beringin', '2018-11-07 20:49:13', '2018-11-07 20:49:13'),
(11051106, 1105, 110511, 6, 'Taeh Baruah', '2018-11-07 20:49:13', '2018-11-07 20:49:13'),
(11051107, 1105, 110511, 6, 'Taeh Bukik', '2018-11-07 20:49:13', '2018-11-07 20:49:13'),
(11051201, 1105, 110512, 6, 'Situjuah Banda Dalam', '2018-11-07 20:49:13', '2018-11-07 20:49:13'),
(11051202, 1105, 110512, 6, 'Situjuah Batua', '2018-11-07 20:49:13', '2018-11-07 20:49:13'),
(11051203, 1105, 110512, 6, 'Situjuah Gadang', '2018-11-07 20:49:13', '2018-11-07 20:49:13'),
(11051204, 1105, 110512, 6, 'Situjuah Ladang Laweh', '2018-11-07 20:49:13', '2018-11-07 20:49:13'),
(11051205, 1105, 110512, 6, 'Tungka', '2018-11-07 20:49:13', '2018-11-07 20:49:13'),
(11051301, 1105, 110513, 6, 'Andiang', '2018-11-07 20:49:13', '2018-11-07 20:49:13'),
(11051302, 1105, 110513, 6, 'Kurai', '2018-11-07 20:49:13', '2018-11-07 20:49:13'),
(11051303, 1105, 110513, 6, 'Limbanang', '2018-11-07 20:49:13', '2018-11-07 20:49:13'),
(11051304, 1105, 110513, 6, 'Suliki', '2018-11-07 20:49:13', '2018-11-07 20:49:13'),
(11051305, 1105, 110513, 6, 'Sungai Rimbang', '2018-11-07 20:49:13', '2018-11-07 20:49:13'),
(11051306, 1105, 110513, 6, 'Tanjuang Bungo', '2018-11-07 20:49:13', '2018-11-07 20:49:13'),
(11060101, 1106, 110601, 6, 'Bungus Barat', '2018-11-07 20:49:13', '2018-11-07 20:49:13'),
(11060102, 1106, 110601, 6, 'Bungus Selatan', '2018-11-07 20:49:13', '2018-11-07 20:49:13'),
(11060103, 1106, 110601, 6, 'Bungus Timur', '2018-11-07 20:49:13', '2018-11-07 20:49:13'),
(11060104, 1106, 110601, 6, 'Teluk Kabung Selatan', '2018-11-07 20:49:13', '2018-11-07 20:49:13'),
(11060105, 1106, 110601, 6, 'Teluk Kabung Tengah', '2018-11-07 20:49:13', '2018-11-07 20:49:13'),
(11060106, 1106, 110601, 6, 'Teluk Kabung Utara', '2018-11-07 20:49:13', '2018-11-07 20:49:13'),
(11060201, 1106, 110602, 6, 'Air Pacah', '2018-11-07 20:49:13', '2018-11-07 20:49:13'),
(11060202, 1106, 110602, 6, 'Balai Gadang', '2018-11-07 20:49:13', '2018-11-07 20:49:13'),
(11060203, 1106, 110602, 6, 'Batang Kabung (K Ganting)', '2018-11-07 20:49:13', '2018-11-07 20:49:13'),
(11060204, 1106, 110602, 6, 'Batipuh Panjang', '2018-11-07 20:49:13', '2018-11-07 20:49:13'),
(11060205, 1106, 110602, 6, 'Bungo Pasang', '2018-11-07 20:49:13', '2018-11-07 20:49:13'),
(11060206, 1106, 110602, 6, 'Dadok Tunggul Hitam', '2018-11-07 20:49:13', '2018-11-07 20:49:13'),
(11060207, 1106, 110602, 6, 'Koto Panjang Ikua Koto', '2018-11-07 20:49:13', '2018-11-07 20:49:13'),
(11060208, 1106, 110602, 6, 'Koto Pulai', '2018-11-07 20:49:13', '2018-11-07 20:49:13'),
(11060209, 1106, 110602, 6, 'Lubuk Buaya', '2018-11-07 20:49:13', '2018-11-07 20:49:13'),
(11060210, 1106, 110602, 6, 'Lubuk Minturun', '2018-11-07 20:49:13', '2018-11-07 20:49:13'),
(11060211, 1106, 110602, 6, 'Padang Sarai', '2018-11-07 20:49:13', '2018-11-07 20:49:13'),
(11060212, 1106, 110602, 6, 'Parupuk Tabing', '2018-11-07 20:49:13', '2018-11-07 20:49:13'),
(11060213, 1106, 110602, 6, 'Pasir/Pasie Nan Tigo', '2018-11-07 20:49:13', '2018-11-07 20:49:13'),
(11060301, 1106, 110603, 6, 'Ampang', '2018-11-07 20:49:13', '2018-11-07 20:49:13'),
(11060302, 1106, 110603, 6, 'Anduring', '2018-11-07 20:49:13', '2018-11-07 20:49:13'),
(11060303, 1106, 110603, 6, 'Gunung Sarik', '2018-11-07 20:49:13', '2018-11-07 20:49:13'),
(11060304, 1106, 110603, 6, 'Kalumbuk', '2018-11-07 20:49:13', '2018-11-07 20:49:13'),
(11060305, 1106, 110603, 6, 'Korong Gadang', '2018-11-07 20:49:13', '2018-11-07 20:49:13'),
(11060306, 1106, 110603, 6, 'Kuranji', '2018-11-07 20:49:13', '2018-11-07 20:49:13'),
(11060307, 1106, 110603, 6, 'Lubuk Lintah', '2018-11-07 20:49:13', '2018-11-07 20:49:13'),
(11060308, 1106, 110603, 6, 'Pasar Ambacang', '2018-11-07 20:49:13', '2018-11-07 20:49:13'),
(11060309, 1106, 110603, 6, 'Sei/Sungai Sapih', '2018-11-07 20:49:13', '2018-11-07 20:49:13'),
(11060401, 1106, 110604, 6, 'Banuaran', '2018-11-07 20:49:13', '2018-11-07 20:49:13'),
(11060402, 1106, 110604, 6, 'Batang Taba Nan XX', '2018-11-07 20:49:13', '2018-11-07 20:49:13'),
(11060403, 1106, 110604, 6, 'Cengkeh/Cangkeh Nan XX', '2018-11-07 20:49:13', '2018-11-07 20:49:13'),
(11060404, 1106, 110604, 6, 'Gates Nan XX', '2018-11-07 20:49:13', '2018-11-07 20:49:13'),
(11060405, 1106, 110604, 6, 'Gurun Laweh/Lawas', '2018-11-07 20:49:13', '2018-11-07 20:49:13'),
(11060406, 1106, 110604, 6, 'Kampung Baru Nan XX', '2018-11-07 20:49:13', '2018-11-07 20:49:13'),
(11060407, 1106, 110604, 6, 'Kampung Jua Nan XX', '2018-11-07 20:49:13', '2018-11-07 20:49:13'),
(11060408, 1106, 110604, 6, 'Koto Baru', '2018-11-07 20:49:13', '2018-11-07 20:49:13'),
(11060409, 1106, 110604, 6, 'Lubuk Begalung', '2018-11-07 20:49:13', '2018-11-07 20:49:13'),
(11060410, 1106, 110604, 6, 'Pagambiran Ampulu (Pangambiran Ampalu) Nan XX', '2018-11-07 20:49:13', '2018-11-07 20:49:13'),
(11060411, 1106, 110604, 6, 'Pampangan Nan XX', '2018-11-07 20:49:13', '2018-11-07 20:49:13'),
(11060412, 1106, 110604, 6, 'Parak Laweh Pulau Air Nan XX', '2018-11-07 20:49:13', '2018-11-07 20:49:13'),
(11060413, 1106, 110604, 6, 'Pitameh Tanjung Saba Nan XX', '2018-11-07 20:49:13', '2018-11-07 20:49:13'),
(11060414, 1106, 110604, 6, 'Tanah Sirah Piai Nan XX', '2018-11-07 20:49:13', '2018-11-07 20:49:13'),
(11060415, 1106, 110604, 6, 'Tanjung Aur/Tanjuang Aua', '2018-11-07 20:49:13', '2018-11-07 20:49:13'),
(11060501, 1106, 110605, 6, 'Bandar Buat (Banda Buek)', '2018-11-07 20:49:13', '2018-11-07 20:49:13'),
(11060502, 1106, 110605, 6, 'Batu Gadang', '2018-11-07 20:49:13', '2018-11-07 20:49:13'),
(11060503, 1106, 110605, 6, 'Beringin/Baringin', '2018-11-07 20:49:13', '2018-11-07 20:49:13'),
(11060504, 1106, 110605, 6, 'Indarung', '2018-11-07 20:49:13', '2018-11-07 20:49:13'),
(11060505, 1106, 110605, 6, 'Koto Lalang', '2018-11-07 20:49:13', '2018-11-07 20:49:13'),
(11060506, 1106, 110605, 6, 'Padang Besi', '2018-11-07 20:49:13', '2018-11-07 20:49:13'),
(11060507, 1106, 110605, 6, 'Tarantang', '2018-11-07 20:49:13', '2018-11-07 20:49:13'),
(11060601, 1106, 110606, 6, 'Gurun Lawas/Laweh', '2018-11-07 20:49:13', '2018-11-07 20:49:13'),
(11060602, 1106, 110606, 6, 'Kampung Lapai', '2018-11-07 20:49:13', '2018-11-07 20:49:13'),
(11060603, 1106, 110606, 6, 'Kampung Olo', '2018-11-07 20:49:13', '2018-11-07 20:49:13'),
(11060604, 1106, 110606, 6, 'Kurao Pagang', '2018-11-07 20:49:13', '2018-11-07 20:49:13'),
(11060605, 1106, 110606, 6, 'Surau Gadang', '2018-11-07 20:49:13', '2018-11-07 20:49:13'),
(11060606, 1106, 110606, 6, 'Tabing Banda Gadang', '2018-11-07 20:49:13', '2018-11-07 20:49:13'),
(11060701, 1106, 110607, 6, 'Belakang Tangsi', '2018-11-07 20:49:13', '2018-11-07 20:49:13'),
(11060702, 1106, 110607, 6, 'Berok Nipah', '2018-11-07 20:49:13', '2018-11-07 20:49:13'),
(11060703, 1106, 110607, 6, 'Flamboyan (Plamboyan Baru)', '2018-11-07 20:49:13', '2018-11-07 20:49:13'),
(11060704, 1106, 110607, 6, 'Kampung Jao', '2018-11-07 20:49:13', '2018-11-07 20:49:13'),
(11060705, 1106, 110607, 6, 'Kampung Pondok', '2018-11-07 20:49:13', '2018-11-07 20:49:13'),
(11060706, 1106, 110607, 6, 'Olo', '2018-11-07 20:49:13', '2018-11-07 20:49:13'),
(11060707, 1106, 110607, 6, 'Padang Pasir', '2018-11-07 20:49:13', '2018-11-07 20:49:13'),
(11060708, 1106, 110607, 6, 'Purus', '2018-11-07 20:49:13', '2018-11-07 20:49:13'),
(11060709, 1106, 110607, 6, 'Rimbo Kaluang', '2018-11-07 20:49:13', '2018-11-07 20:49:13'),
(11060710, 1106, 110607, 6, 'Ujung Gurun', '2018-11-07 20:49:13', '2018-11-07 20:49:13'),
(11060801, 1106, 110608, 6, 'Air Manis (Aia Manih)', '2018-11-07 20:49:13', '2018-11-07 20:49:13'),
(11060802, 1106, 110608, 6, 'Alang Laweh', '2018-11-07 20:49:13', '2018-11-07 20:49:13'),
(11060803, 1106, 110608, 6, 'Batang Arau', '2018-11-07 20:49:13', '2018-11-07 20:49:13'),
(11060804, 1106, 110608, 6, 'Belakang Pondok', '2018-11-07 20:49:13', '2018-11-07 20:49:13'),
(11060805, 1106, 110608, 6, 'Bukik/Bukit Gado-gado', '2018-11-07 20:49:13', '2018-11-07 20:49:13'),
(11060806, 1106, 110608, 6, 'Mato/Mata Air', '2018-11-07 20:49:13', '2018-11-07 20:49:13'),
(11060807, 1106, 110608, 6, 'Pasar Gadang', '2018-11-07 20:49:13', '2018-11-07 20:49:13'),
(11060808, 1106, 110608, 6, 'Ranah Parak Rumbio', '2018-11-07 20:49:13', '2018-11-07 20:49:13'),
(11060809, 1106, 110608, 6, 'Rawang', '2018-11-07 20:49:13', '2018-11-07 20:49:13'),
(11060810, 1106, 110608, 6, 'Seberang Padang', '2018-11-07 20:49:13', '2018-11-07 20:49:13'),
(11060811, 1106, 110608, 6, 'Seberang Palinggam', '2018-11-07 20:49:13', '2018-11-07 20:49:13'),
(11060812, 1106, 110608, 6, 'Teluk Bayur/Taluak Bayua', '2018-11-07 20:49:13', '2018-11-07 20:49:13'),
(11060901, 1106, 110609, 6, 'Andalas', '2018-11-07 20:49:13', '2018-11-07 20:49:13'),
(11060902, 1106, 110609, 6, 'Ganting Parak Gadang', '2018-11-07 20:49:13', '2018-11-07 20:49:13'),
(11060903, 1106, 110609, 6, 'Jati', '2018-11-07 20:49:13', '2018-11-07 20:49:13'),
(11060904, 1106, 110609, 6, 'Jati Baru', '2018-11-07 20:49:13', '2018-11-07 20:49:13'),
(11060905, 1106, 110609, 6, 'Kubu Marapalam', '2018-11-07 20:49:13', '2018-11-07 20:49:13'),
(11060906, 1106, 110609, 6, 'Kubu Parak Karakah (Dalam)', '2018-11-07 20:49:13', '2018-11-07 20:49:13'),
(11060907, 1106, 110609, 6, 'Parak Gadang Timur', '2018-11-07 20:49:13', '2018-11-07 20:49:13'),
(11060908, 1106, 110609, 6, 'Sawahan', '2018-11-07 20:49:13', '2018-11-07 20:49:13'),
(11060909, 1106, 110609, 6, 'Sawahan Timur', '2018-11-07 20:49:13', '2018-11-07 20:49:13'),
(11060910, 1106, 110609, 6, 'Simpang Haru', '2018-11-07 20:49:13', '2018-11-07 20:49:13'),
(11061001, 1106, 110610, 6, 'Air Tawar Barat', '2018-11-07 20:49:13', '2018-11-07 20:49:13'),
(11061002, 1106, 110610, 6, 'Air Tawar Timur', '2018-11-07 20:49:13', '2018-11-07 20:49:13'),
(11061003, 1106, 110610, 6, 'Alai Parak Kopi', '2018-11-07 20:49:13', '2018-11-07 20:49:13'),
(11061004, 1106, 110610, 6, 'Gunung Pangilun', '2018-11-07 20:49:13', '2018-11-07 20:49:13'),
(11061005, 1106, 110610, 6, 'Lolong Belanti', '2018-11-07 20:49:13', '2018-11-07 20:49:13'),
(11061006, 1106, 110610, 6, 'Ulak Karang Selatan', '2018-11-07 20:49:13', '2018-11-07 20:49:13'),
(11061007, 1106, 110610, 6, 'Ulak Karang Utara', '2018-11-07 20:49:13', '2018-11-07 20:49:13'),
(11061101, 1106, 110611, 6, 'Binuang Kampung Dalam', '2018-11-07 20:49:13', '2018-11-07 20:49:13'),
(11061102, 1106, 110611, 6, 'Cupak Tangah', '2018-11-07 20:49:13', '2018-11-07 20:49:13'),
(11061103, 1106, 110611, 6, 'Kepala/Kapalo Koto', '2018-11-07 20:49:13', '2018-11-07 20:49:13'),
(11061104, 1106, 110611, 6, 'Koto Luar', '2018-11-07 20:49:13', '2018-11-07 20:49:13'),
(11061105, 1106, 110611, 6, 'Lambung Bukit/Bukik', '2018-11-07 20:49:13', '2018-11-07 20:49:13'),
(11061106, 1106, 110611, 6, 'Limau Manis', '2018-11-07 20:49:13', '2018-11-07 20:49:13'),
(11061107, 1106, 110611, 6, 'Limau Manis Selatan', '2018-11-07 20:49:13', '2018-11-07 20:49:13'),
(11061108, 1106, 110611, 6, 'Piai Tangah', '2018-11-07 20:49:13', '2018-11-07 20:49:13'),
(11061109, 1106, 110611, 6, 'Pisang', '2018-11-07 20:49:13', '2018-11-07 20:49:13'),
(11070101, 1107, 110701, 6, 'Balai-Balai', '2018-11-07 20:49:13', '2018-11-07 20:49:13'),
(11070102, 1107, 110701, 6, 'Bukik/Bukit Surungan', '2018-11-07 20:49:13', '2018-11-07 20:49:13'),
(11070103, 1107, 110701, 6, 'Kampung Manggis', '2018-11-07 20:49:13', '2018-11-07 20:49:13'),
(11070104, 1107, 110701, 6, 'Pasar Baru', '2018-11-07 20:49:13', '2018-11-07 20:49:13'),
(11070105, 1107, 110701, 6, 'Pasar Usang', '2018-11-07 20:49:13', '2018-11-07 20:49:13'),
(11070106, 1107, 110701, 6, 'Silaing Atas', '2018-11-07 20:49:13', '2018-11-07 20:49:13'),
(11070107, 1107, 110701, 6, 'Silaing Bawah', '2018-11-07 20:49:13', '2018-11-07 20:49:13'),
(11070108, 1107, 110701, 6, 'Tanah Hitam', '2018-11-07 20:49:13', '2018-11-07 20:49:13'),
(11070201, 1107, 110702, 6, 'Ekor Lubuk', '2018-11-07 20:49:13', '2018-11-07 20:49:13'),
(11070202, 1107, 110702, 6, 'Ganting', '2018-11-07 20:49:13', '2018-11-07 20:49:13'),
(11070203, 1107, 110702, 6, 'Guguk Malintang', '2018-11-07 20:49:13', '2018-11-07 20:49:13'),
(11070204, 1107, 110702, 6, 'Koto Katik', '2018-11-07 20:49:13', '2018-11-07 20:49:13'),
(11070205, 1107, 110702, 6, 'Koto Panjang', '2018-11-07 20:49:13', '2018-11-07 20:49:13'),
(11070206, 1107, 110702, 6, 'Ngalau', '2018-11-07 20:49:13', '2018-11-07 20:49:13'),
(11070207, 1107, 110702, 6, 'Sigando', '2018-11-07 20:49:13', '2018-11-07 20:49:13'),
(11070208, 1107, 110702, 6, 'Tanah Pak Lambik', '2018-11-07 20:49:13', '2018-11-07 20:49:13'),
(11080101, 1108, 110801, 6, 'Lubuk Pandan', '2018-11-07 20:49:13', '2018-11-07 20:49:13'),
(11080102, 1108, 110801, 6, 'Sicincin', '2018-11-07 20:49:13', '2018-11-07 20:49:13'),
(11080103, 1108, 110801, 6, 'Sungai Asam', '2018-11-07 20:49:13', '2018-11-07 20:49:13'),
(11080201, 1108, 110802, 6, 'Anduring (Anduriang)', '2018-11-07 20:49:13', '2018-11-07 20:49:13'),
(11080202, 1108, 110802, 6, 'Guguak', '2018-11-07 20:49:13', '2018-11-07 20:49:13'),
(11080203, 1108, 110802, 6, 'Kapalo Hilalang', '2018-11-07 20:49:13', '2018-11-07 20:49:13'),
(11080204, 1108, 110802, 6, 'Kayu Tanam', '2018-11-07 20:49:13', '2018-11-07 20:49:13'),
(11080301, 1108, 110803, 6, 'Buayan Lubuk Alung', '2018-11-07 20:49:13', '2018-11-07 20:49:13'),
(11080302, 1108, 110803, 6, 'Kasang', '2018-11-07 20:49:13', '2018-11-07 20:49:13'),
(11080303, 1108, 110803, 6, 'Katapiang', '2018-11-07 20:49:13', '2018-11-07 20:49:13'),
(11080304, 1108, 110803, 6, 'Sungai Buluh', '2018-11-07 20:49:13', '2018-11-07 20:49:13'),
(11080401, 1108, 110804, 6, 'Gasan Gadang', '2018-11-07 20:49:13', '2018-11-07 20:49:13'),
(11080402, 1108, 110804, 6, 'Malai V Suku', '2018-11-07 20:49:13', '2018-11-07 20:49:13'),
(11080501, 1108, 110805, 6, 'Gadua/Gadur', '2018-11-07 20:49:13', '2018-11-07 20:49:13'),
(11080502, 1108, 110805, 6, 'Koto Tinggi', '2018-11-07 20:49:13', '2018-11-07 20:49:13'),
(11080503, 1108, 110805, 6, 'Pakandangan', '2018-11-07 20:49:13', '2018-11-07 20:49:13'),
(11080504, 1108, 110805, 6, 'Parit Malintang', '2018-11-07 20:49:13', '2018-11-07 20:49:13'),
(11080505, 1108, 110805, 6, 'Toboh Ketek', '2018-11-07 20:49:13', '2018-11-07 20:49:13'),
(11080601, 1108, 110806, 6, 'Balai Baiak Malai III Koto', '2018-11-07 20:49:13', '2018-11-07 20:49:13'),
(11080602, 1108, 110806, 6, 'III Koto Aur Malintang', '2018-11-07 20:49:13', '2018-11-07 20:49:13'),
(11080603, 1108, 110806, 6, 'III Koto Aur Malintang Selatan', '2018-11-07 20:49:13', '2018-11-07 20:49:13'),
(11080604, 1108, 110806, 6, 'III Koto Aur Malintang Timur', '2018-11-07 20:49:13', '2018-11-07 20:49:13'),
(11080605, 1108, 110806, 6, 'III Koto Aur Malintang Utara', '2018-11-07 20:49:13', '2018-11-07 20:49:13'),
(11080701, 1108, 110807, 6, 'Aie Tajun Lubuk Alung', '2018-11-07 20:49:13', '2018-11-07 20:49:13'),
(11080702, 1108, 110807, 6, 'Lubuk Alung', '2018-11-07 20:49:13', '2018-11-07 20:49:13'),
(11080703, 1108, 110807, 6, 'Pasie Laweh Lubuk Alung', '2018-11-07 20:49:13', '2018-11-07 20:49:13'),
(11080704, 1108, 110807, 6, 'Pungguang Kasiak Lubuk Alung', '2018-11-07 20:49:13', '2018-11-07 20:49:13'),
(11080705, 1108, 110807, 6, 'Sikabu Lubuk Alung', '2018-11-07 20:49:13', '2018-11-07 20:49:13'),
(11080801, 1108, 110808, 6, 'Kapalo Koto', '2018-11-07 20:49:13', '2018-11-07 20:49:13'),
(11080802, 1108, 110808, 6, 'Kurai Taji', '2018-11-07 20:49:13', '2018-11-07 20:49:13'),
(11080803, 1108, 110808, 6, 'Padang Bintungan', '2018-11-07 20:49:13', '2018-11-07 20:49:13'),
(11080804, 1108, 110808, 6, 'Pauah Kambar', '2018-11-07 20:49:13', '2018-11-07 20:49:13'),
(11080805, 1108, 110808, 6, 'Sunua', '2018-11-07 20:49:13', '2018-11-07 20:49:13'),
(11080901, 1108, 110809, 6, 'Batu Kalang', '2018-11-07 20:49:13', '2018-11-07 20:49:13'),
(11080902, 1108, 110809, 6, 'Koto Baru', '2018-11-07 20:49:13', '2018-11-07 20:49:13'),
(11080903, 1108, 110809, 6, 'Koto Dalam', '2018-11-07 20:49:13', '2018-11-07 20:49:13'),
(11081001, 1108, 110810, 6, 'Sungai Durian', '2018-11-07 20:49:13', '2018-11-07 20:49:13'),
(11081002, 1108, 110810, 6, 'Tandikat/Tandikek', '2018-11-07 20:49:13', '2018-11-07 20:49:13'),
(11081003, 1108, 110810, 6, 'Tandikek Utara', '2018-11-07 20:49:13', '2018-11-07 20:49:13'),
(11081101, 1108, 110811, 6, 'Sintuk/Sintuak', '2018-11-07 20:49:13', '2018-11-07 20:49:13'),
(11081102, 1108, 110811, 6, 'Toboh Gadang', '2018-11-07 20:49:13', '2018-11-07 20:49:13'),
(11081103, 1108, 110811, 6, 'Batu Gadang Kuranji Hulu', '2018-11-07 20:49:13', '2018-11-07 20:49:13'),
(11081104, 1108, 110811, 6, 'Kuranji Hulu', '2018-11-07 20:49:13', '2018-11-07 20:49:13'),
(11081105, 1108, 110811, 6, 'Malai III Koto', '2018-11-07 20:49:13', '2018-11-07 20:49:13'),
(11081106, 1108, 110811, 6, 'Sungai Sirah Kuranji Hulu', '2018-11-07 20:49:13', '2018-11-07 20:49:13'),
(11081201, 1108, 110812, 6, 'Guguak Kuranji Hilir', '2018-11-07 20:49:13', '2018-11-07 20:49:13'),
(11081202, 1108, 110812, 6, 'Koto Tinggi Kuranji Hilir', '2018-11-07 20:49:13', '2018-11-07 20:49:13'),
(11081203, 1108, 110812, 6, 'Kuranji Hilir', '2018-11-07 20:49:13', '2018-11-07 20:49:13'),
(11081204, 1108, 110812, 6, 'Pilubang', '2018-11-07 20:49:13', '2018-11-07 20:49:13'),
(11081301, 1108, 110813, 6, 'Tapakih/Tapakis', '2018-11-07 20:49:13', '2018-11-07 20:49:13'),
(11081401, 1108, 110814, 6, 'Ulakan', '2018-11-07 20:49:13', '2018-11-07 20:49:13'),
(11081501, 1108, 110815, 6, 'Campago', '2018-11-07 20:49:13', '2018-11-07 20:49:13'),
(11081502, 1108, 110815, 6, 'Sikucur', '2018-11-07 20:49:13', '2018-11-07 20:49:13'),
(11081601, 1108, 110816, 6, 'Gunung Padang Alai', '2018-11-07 20:49:13', '2018-11-07 20:49:13'),
(11081602, 1108, 110816, 6, 'Kudu Ganting/Gantiang', '2018-11-07 20:49:13', '2018-11-07 20:49:13'),
(11081603, 1108, 110816, 6, 'Limau Puruik', '2018-11-07 20:49:13', '2018-11-07 20:49:13'),
(11081701, 1108, 110817, 6, 'Balah Aia', '2018-11-07 20:49:13', '2018-11-07 20:49:13'),
(11081702, 1108, 110817, 6, 'Lareh Nan Panjang', '2018-11-07 20:49:13', '2018-11-07 20:49:13'),
(11081703, 1108, 110817, 6, 'Lurah Ampalu', '2018-11-07 20:49:13', '2018-11-07 20:49:13'),
(11081704, 1108, 110817, 6, 'Sungai Sariak', '2018-11-07 20:49:13', '2018-11-07 20:49:13'),
(11090101, 1109, 110901, 6, 'Balai Kurai Taji', '2018-11-07 20:49:13', '2018-11-07 20:49:13'),
(11090102, 1109, 110901, 6, 'Batang Tajongkek', '2018-11-07 20:49:13', '2018-11-07 20:49:13'),
(11090103, 1109, 110901, 6, 'Kampung/Kampuang Apar', '2018-11-07 20:49:13', '2018-11-07 20:49:13'),
(11090104, 1109, 110901, 6, 'Marabau', '2018-11-07 20:49:13', '2018-11-07 20:49:13'),
(11090105, 1109, 110901, 6, 'Marunggih', '2018-11-07 20:49:13', '2018-11-07 20:49:13'),
(11090106, 1109, 110901, 6, 'Padang Cakua', '2018-11-07 20:49:13', '2018-11-07 20:49:13'),
(11090107, 1109, 110901, 6, 'Palak Aneh', '2018-11-07 20:49:13', '2018-11-07 20:49:13'),
(11090108, 1109, 110901, 6, 'Pasir Sunur / Pasa Sunua (Pasia Sunua)', '2018-11-07 20:49:13', '2018-11-07 20:49:13'),
(11090109, 1109, 110901, 6, 'Pauh Kurai Taji (Pauah)', '2018-11-07 20:49:13', '2018-11-07 20:49:13'),
(11090110, 1109, 110901, 6, 'Pungguang Ladiang', '2018-11-07 20:49:13', '2018-11-07 20:49:13'),
(11090111, 1109, 110901, 6, 'Rambai', '2018-11-07 20:49:13', '2018-11-07 20:49:13'),
(11090112, 1109, 110901, 6, 'Sikabu', '2018-11-07 20:49:13', '2018-11-07 20:49:13'),
(11090113, 1109, 110901, 6, 'Simpang (Kurai Taji)', '2018-11-07 20:49:13', '2018-11-07 20:49:13'),
(11090114, 1109, 110901, 6, 'Sungai Kasai', '2018-11-07 20:49:13', '2018-11-07 20:49:13'),
(11090115, 1109, 110901, 6, 'Taluak', '2018-11-07 20:49:13', '2018-11-07 20:49:13'),
(11090116, 1109, 110901, 6, 'Toboh Palabah', '2018-11-07 20:49:13', '2018-11-07 20:49:13'),
(11090201, 1109, 110902, 6, 'Alai Galombang', '2018-11-07 20:49:13', '2018-11-07 20:49:13'),
(11090202, 1109, 110902, 6, 'Cimparuah', '2018-11-07 20:49:13', '2018-11-07 20:49:13'),
(11090203, 1109, 110902, 6, 'Jalan Baru', '2018-11-07 20:49:13', '2018-11-07 20:49:13'),
(11090204, 1109, 110902, 6, 'Jalan Kereta Api', '2018-11-07 20:49:13', '2018-11-07 20:49:13'),
(11090205, 1109, 110902, 6, 'Jati Hilir (Jalan Hilia)', '2018-11-07 20:49:13', '2018-11-07 20:49:13'),
(11090206, 1109, 110902, 6, 'Jati Mudik / Mudiak', '2018-11-07 20:49:13', '2018-11-07 20:49:13'),
(11090207, 1109, 110902, 6, 'Jawi-Jawi I', '2018-11-07 20:49:13', '2018-11-07 20:49:13'),
(11090208, 1109, 110902, 6, 'Jawi-Jawi II', '2018-11-07 20:49:13', '2018-11-07 20:49:13'),
(11090209, 1109, 110902, 6, 'Kampung Jawa I', '2018-11-07 20:49:13', '2018-11-07 20:49:13'),
(11090210, 1109, 110902, 6, 'Kampung Jawa II', '2018-11-07 20:49:13', '2018-11-07 20:49:13'),
(11090211, 1109, 110902, 6, 'Kampung Perak', '2018-11-07 20:49:13', '2018-11-07 20:49:13'),
(11090212, 1109, 110902, 6, 'Kampung Pondok', '2018-11-07 20:49:13', '2018-11-07 20:49:13'),
(11090213, 1109, 110902, 6, 'Kampung Pondok II', '2018-11-07 20:49:13', '2018-11-07 20:49:13'),
(11090214, 1109, 110902, 6, 'Kampung/Kampuang Baru', '2018-11-07 20:49:13', '2018-11-07 20:49:13'),
(11090215, 1109, 110902, 6, 'Karan Aur', '2018-11-07 20:49:13', '2018-11-07 20:49:13'),
(11090216, 1109, 110902, 6, 'Lohong', '2018-11-07 20:49:13', '2018-11-07 20:49:13'),
(11090217, 1109, 110902, 6, 'Pasir', '2018-11-07 20:49:13', '2018-11-07 20:49:13'),
(11090218, 1109, 110902, 6, 'Pauah/Pauh Barat', '2018-11-07 20:49:13', '2018-11-07 20:49:13'),
(11090219, 1109, 110902, 6, 'Pauah/Pauh Timur', '2018-11-07 20:49:13', '2018-11-07 20:49:13'),
(11090220, 1109, 110902, 6, 'Rawang', '2018-11-07 20:49:13', '2018-11-07 20:49:13'),
(11090221, 1109, 110902, 6, 'Taratak', '2018-11-07 20:49:13', '2018-11-07 20:49:13'),
(11090222, 1109, 110902, 6, 'Ujung Batung (Ujuang Batuang)', '2018-11-07 20:49:13', '2018-11-07 20:49:13'),
(11090301, 1109, 110903, 6, 'Aia Santok', '2018-11-07 20:49:13', '2018-11-07 20:49:13'),
(11090302, 1109, 110903, 6, 'Batang Kabung / Kabuang', '2018-11-07 20:49:13', '2018-11-07 20:49:13'),
(11090303, 1109, 110903, 6, 'Bato', '2018-11-07 20:49:13', '2018-11-07 20:49:13'),
(11090304, 1109, 110903, 6, 'Bungo Tanjung', '2018-11-07 20:49:13', '2018-11-07 20:49:13'),
(11090305, 1109, 110903, 6, 'Cubadak Mentawai', '2018-11-07 20:49:13', '2018-11-07 20:49:13'),
(11090306, 1109, 110903, 6, 'Kajai', '2018-11-07 20:49:13', '2018-11-07 20:49:13'),
(11090307, 1109, 110903, 6, 'Kaluat / Kaluaik (Kaluaiak)', '2018-11-07 20:49:13', '2018-11-07 20:49:13'),
(11090308, 1109, 110903, 6, 'Kampuang Gadang', '2018-11-07 20:49:13', '2018-11-07 20:49:13'),
(11090309, 1109, 110903, 6, 'Kampung Baru Padusunan', '2018-11-07 20:49:13', '2018-11-07 20:49:13'),
(11090310, 1109, 110903, 6, 'Kampung Kandang', '2018-11-07 20:49:13', '2018-11-07 20:49:13'),
(11090311, 1109, 110903, 6, 'Kampung Tangah', '2018-11-07 20:49:13', '2018-11-07 20:49:13'),
(11090312, 1109, 110903, 6, 'Koto Marapak', '2018-11-07 20:49:13', '2018-11-07 20:49:13'),
(11090313, 1109, 110903, 6, 'Pakasai', '2018-11-07 20:49:13', '2018-11-07 20:49:13'),
(11090314, 1109, 110903, 6, 'Sungai Pasak', '2018-11-07 20:49:13', '2018-11-07 20:49:13'),
(11090315, 1109, 110903, 6, 'Sungai Sirah', '2018-11-07 20:49:13', '2018-11-07 20:49:13'),
(11090316, 1109, 110903, 6, 'Talago Sariak', '2018-11-07 20:49:13', '2018-11-07 20:49:13'),
(11090401, 1109, 110904, 6, 'Ampalu', '2018-11-07 20:49:13', '2018-11-07 20:49:13'),
(11090402, 1109, 110904, 6, 'Apar', '2018-11-07 20:49:13', '2018-11-07 20:49:13'),
(11090403, 1109, 110904, 6, 'Balai Naras/Nareh', '2018-11-07 20:49:13', '2018-11-07 20:49:13'),
(11090404, 1109, 110904, 6, 'Cubadak Aia Selatan', '2018-11-07 20:49:13', '2018-11-07 20:49:13'),
(11090405, 1109, 110904, 6, 'Cubadak Aia Utara', '2018-11-07 20:49:13', '2018-11-07 20:49:13'),
(11090406, 1109, 110904, 6, 'Cubadak Air/Aia', '2018-11-07 20:49:13', '2018-11-07 20:49:13'),
(11090407, 1109, 110904, 6, 'Mangguang', '2018-11-07 20:49:13', '2018-11-07 20:49:13'),
(11090408, 1109, 110904, 6, 'Naras Hilir (Nareh Hilia)', '2018-11-07 20:49:13', '2018-11-07 20:49:13'),
(11090409, 1109, 110904, 6, 'Naras I (Nareh I)', '2018-11-07 20:49:13', '2018-11-07 20:49:13'),
(11090410, 1109, 110904, 6, 'Padang Birik-Birik (Biriak-Biriak)', '2018-11-07 20:49:13', '2018-11-07 20:49:13'),
(11090411, 1109, 110904, 6, 'Sikapak Barat', '2018-11-07 20:49:13', '2018-11-07 20:49:13'),
(11090412, 1109, 110904, 6, 'Sikapak Timur', '2018-11-07 20:49:13', '2018-11-07 20:49:13'),
(11090413, 1109, 110904, 6, 'Sintuk (Sintuak)', '2018-11-07 20:49:13', '2018-11-07 20:49:13'),
(11090414, 1109, 110904, 6, 'Sungai Rambai', '2018-11-07 20:49:13', '2018-11-07 20:49:13'),
(11090415, 1109, 110904, 6, 'Tanjuang Sabar', '2018-11-07 20:49:13', '2018-11-07 20:49:13'),
(11090416, 1109, 110904, 6, 'Tungka Selatan', '2018-11-07 20:49:13', '2018-11-07 20:49:13'),
(11090417, 1109, 110904, 6, 'Tungka Utara', '2018-11-07 20:49:13', '2018-11-07 20:49:13'),
(11100101, 1110, 111001, 6, 'Ganggo Hilia', '2018-11-07 20:49:13', '2018-11-07 20:49:13'),
(11100102, 1110, 111001, 6, 'Ganggo Mudiak', '2018-11-07 20:49:13', '2018-11-07 20:49:13'),
(11100103, 1110, 111001, 6, 'Koto Kaciak', '2018-11-07 20:49:13', '2018-11-07 20:49:13'),
(11100104, 1110, 111001, 6, 'Limo Koto', '2018-11-07 20:49:13', '2018-11-07 20:49:13'),
(11100201, 1110, 111002, 6, 'Cubadak (Pasa Cubadak)', '2018-11-07 20:49:13', '2018-11-07 20:49:13'),
(11100202, 1110, 111002, 6, 'Simpang Tonang', '2018-11-07 20:49:13', '2018-11-07 20:49:13'),
(11100301, 1110, 111003, 6, 'Aia Manggih', '2018-11-07 20:49:13', '2018-11-07 20:49:13'),
(11100302, 1110, 111003, 6, 'Durian Tinggi', '2018-11-07 20:49:13', '2018-11-07 20:49:13'),
(11100303, 1110, 111003, 6, 'Jambak', '2018-11-07 20:49:13', '2018-11-07 20:49:13'),
(11100304, 1110, 111003, 6, 'Pauah', '2018-11-07 20:49:13', '2018-11-07 20:49:13'),
(11100305, 1110, 111003, 6, 'Sundata', '2018-11-07 20:49:13', '2018-11-07 20:49:13'),
(11100306, 1110, 111003, 6, 'Tanjuang Baringin', '2018-11-07 20:49:13', '2018-11-07 20:49:13'),
(11100401, 1110, 111004, 6, 'Lubuk/Lubuak Gadang', '2018-11-07 20:49:13', '2018-11-07 20:49:13'),
(11100402, 1110, 111004, 6, 'Muara Tais', '2018-11-07 20:49:13', '2018-11-07 20:49:13'),
(11100403, 1110, 111004, 6, 'Pintu Padang', '2018-11-07 20:49:13', '2018-11-07 20:49:13'),
(11100501, 1110, 111005, 6, 'Muaro Sei/Sungai Lolo', '2018-11-07 20:49:13', '2018-11-07 20:49:13'),
(11100502, 1110, 111005, 6, 'Silayang', '2018-11-07 20:49:13', '2018-11-07 20:49:13'),
(11100601, 1110, 111006, 6, 'Padang Gelugur', '2018-11-07 20:49:13', '2018-11-07 20:49:13'),
(11100701, 1110, 111007, 6, 'Panti', '2018-11-07 20:49:13', '2018-11-07 20:49:13'),
(11100801, 1110, 111008, 6, 'Padang Metinggi/Mantinggi', '2018-11-07 20:49:13', '2018-11-07 20:49:13'),
(11100802, 1110, 111008, 6, 'Taruang Taruang', '2018-11-07 20:49:13', '2018-11-07 20:49:13'),
(11100901, 1110, 111009, 6, 'Lansek Kadok', '2018-11-07 20:49:13', '2018-11-07 20:49:13');
INSERT INTO `kelurahans` (`id`, `kokab_id`, `kecamatan_id`, `province_id`, `kelurahan_name`, `created_at`, `updated_at`) VALUES
(11100902, 1110, 111009, 6, 'Lubuak Layang', '2018-11-07 20:49:13', '2018-11-07 20:49:13'),
(11100903, 1110, 111009, 6, 'Tanjung Betung', '2018-11-07 20:49:13', '2018-11-07 20:49:13'),
(11101001, 1110, 111010, 6, 'Koto Nopan', '2018-11-07 20:49:13', '2018-11-07 20:49:13'),
(11101002, 1110, 111010, 6, 'Koto Rajo', '2018-11-07 20:49:13', '2018-11-07 20:49:13'),
(11101003, 1110, 111010, 6, 'Languang', '2018-11-07 20:49:13', '2018-11-07 20:49:13'),
(11101101, 1110, 111011, 6, 'Alahan Mati', '2018-11-07 20:49:13', '2018-11-07 20:49:13'),
(11101102, 1110, 111011, 6, 'Simpang', '2018-11-07 20:49:13', '2018-11-07 20:49:13'),
(11101201, 1110, 111012, 6, 'Binjai', '2018-11-07 20:49:13', '2018-11-07 20:49:13'),
(11101202, 1110, 111012, 6, 'Ladang Panjang', '2018-11-07 20:49:13', '2018-11-07 20:49:13'),
(11101203, 1110, 111012, 6, 'Malampah', '2018-11-07 20:49:13', '2018-11-07 20:49:13'),
(11110101, 1111, 111101, 6, 'Muaro Kiawi', '2018-11-07 20:49:13', '2018-11-07 20:49:13'),
(11110102, 1111, 111101, 6, 'Rabi Jonggor', '2018-11-07 20:49:13', '2018-11-07 20:49:13'),
(11110201, 1111, 111102, 6, 'Katiagan Mandiangin', '2018-11-07 20:49:13', '2018-11-07 20:49:13'),
(11110202, 1111, 111102, 6, 'Kinali', '2018-11-07 20:49:13', '2018-11-07 20:49:13'),
(11110303, 1111, 111103, 6, 'Parit/Parik', '2018-11-07 20:49:13', '2018-11-07 20:49:13'),
(11110304, 1111, 111103, 6, 'Ujung Gading', '2018-11-07 20:49:13', '2018-11-07 20:49:13'),
(11110401, 1111, 111104, 6, 'Kapar', '2018-11-07 20:49:13', '2018-11-07 20:49:13'),
(11110501, 1111, 111105, 6, 'Koto Baru', '2018-11-07 20:49:13', '2018-11-07 20:49:13'),
(11110601, 1111, 111106, 6, 'Aia Gadang', '2018-11-07 20:49:13', '2018-11-07 20:49:13'),
(11110602, 1111, 111106, 6, 'Aua Kuniang', '2018-11-07 20:49:13', '2018-11-07 20:49:13'),
(11110603, 1111, 111106, 6, 'Lingkuang Aua', '2018-11-07 20:49:13', '2018-11-07 20:49:13'),
(11110701, 1111, 111107, 6, 'Batahan', '2018-11-07 20:49:13', '2018-11-07 20:49:13'),
(11110702, 1111, 111107, 6, 'Desa Baru', '2018-11-07 20:49:13', '2018-11-07 20:49:13'),
(11110801, 1111, 111108, 6, 'Sasak', '2018-11-07 20:49:13', '2018-11-07 20:49:13'),
(11110901, 1111, 111109, 6, 'Aia Bangih', '2018-11-07 20:49:13', '2018-11-07 20:49:13'),
(11111001, 1111, 111110, 6, 'Sungai Aur', '2018-11-07 20:49:13', '2018-11-07 20:49:13'),
(11111101, 1111, 111111, 6, 'Kajai', '2018-11-07 20:49:13', '2018-11-07 20:49:13'),
(11111102, 1111, 111111, 6, 'Sinuruik', '2018-11-07 20:49:13', '2018-11-07 20:49:13'),
(11111103, 1111, 111111, 6, 'Talu', '2018-11-07 20:49:13', '2018-11-07 20:49:13'),
(11120101, 1112, 111201, 6, 'Koto Panjang', '2018-11-07 20:49:13', '2018-11-07 20:49:13'),
(11120102, 1112, 111201, 6, 'Koto Panjang Dalam', '2018-11-07 20:49:13', '2018-11-07 20:49:13'),
(11120103, 1112, 111201, 6, 'Padang Sikabu', '2018-11-07 20:49:13', '2018-11-07 20:49:13'),
(11120104, 1112, 111201, 6, 'Parambahan', '2018-11-07 20:49:13', '2018-11-07 20:49:13'),
(11120105, 1112, 111201, 6, 'Parik Muko Aie (Parit Muka Air)', '2018-11-07 20:49:13', '2018-11-07 20:49:13'),
(11120106, 1112, 111201, 6, 'Sei/Sungai Durian', '2018-11-07 20:49:13', '2018-11-07 20:49:13'),
(11120201, 1112, 111202, 6, 'Balai Nan Duo', '2018-11-07 20:49:13', '2018-11-07 20:49:13'),
(11120202, 1112, 111202, 6, 'Bulakan Balai Kandih', '2018-11-07 20:49:13', '2018-11-07 20:49:13'),
(11120203, 1112, 111202, 6, 'Daya Bangun', '2018-11-07 20:49:13', '2018-11-07 20:49:13'),
(11120204, 1112, 111202, 6, 'Ibuh', '2018-11-07 20:49:13', '2018-11-07 20:49:13'),
(11120205, 1112, 111202, 6, 'Koto Tangah', '2018-11-07 20:49:13', '2018-11-07 20:49:13'),
(11120206, 1112, 111202, 6, 'Kubu Gadang', '2018-11-07 20:49:13', '2018-11-07 20:49:13'),
(11120207, 1112, 111202, 6, 'Labuh/Labuah Basilang', '2018-11-07 20:49:13', '2018-11-07 20:49:13'),
(11120208, 1112, 111202, 6, 'Nunang', '2018-11-07 20:49:13', '2018-11-07 20:49:13'),
(11120209, 1112, 111202, 6, 'Padang Datar', '2018-11-07 20:49:13', '2018-11-07 20:49:13'),
(11120210, 1112, 111202, 6, 'Padang Tangah', '2018-11-07 20:49:13', '2018-11-07 20:49:13'),
(11120211, 1112, 111202, 6, 'Padang Tinggi', '2018-11-07 20:49:13', '2018-11-07 20:49:13'),
(11120212, 1112, 111202, 6, 'Pakan Sinayan', '2018-11-07 20:49:13', '2018-11-07 20:49:13'),
(11120213, 1112, 111202, 6, 'Parak Batung (Betung/Batuang)', '2018-11-07 20:49:13', '2018-11-07 20:49:13'),
(11120214, 1112, 111202, 6, 'Parik/Parit Rantang', '2018-11-07 20:49:13', '2018-11-07 20:49:13'),
(11120215, 1112, 111202, 6, 'Payolansek', '2018-11-07 20:49:13', '2018-11-07 20:49:13'),
(11120216, 1112, 111202, 6, 'Piliang', '2018-11-07 20:49:13', '2018-11-07 20:49:13'),
(11120217, 1112, 111202, 6, 'Sei/Sungai Panago/Pinago', '2018-11-07 20:49:13', '2018-11-07 20:49:13'),
(11120218, 1112, 111202, 6, 'Subarang Batung (Betung/Batuang)', '2018-11-07 20:49:13', '2018-11-07 20:49:13'),
(11120219, 1112, 111202, 6, 'Talang', '2018-11-07 20:49:13', '2018-11-07 20:49:13'),
(11120220, 1112, 111202, 6, 'Tanah Mati', '2018-11-07 20:49:13', '2018-11-07 20:49:13'),
(11120221, 1112, 111202, 6, 'Tanjung Pauh/Tanjuang Pauah', '2018-11-07 20:49:13', '2018-11-07 20:49:13'),
(11120222, 1112, 111202, 6, 'Tanjung/Tanjuang Gadang', '2018-11-07 20:49:13', '2018-11-07 20:49:13'),
(11120301, 1112, 111203, 6, 'Ampangan', '2018-11-07 20:49:13', '2018-11-07 20:49:13'),
(11120302, 1112, 111203, 6, 'Aur Kuning/Aua Kuniang', '2018-11-07 20:49:13', '2018-11-07 20:49:13'),
(11120303, 1112, 111203, 6, 'Balai Panjang', '2018-11-07 20:49:13', '2018-11-07 20:49:13'),
(11120304, 1112, 111203, 6, 'Kapalo Koto', '2018-11-07 20:49:13', '2018-11-07 20:49:13'),
(11120305, 1112, 111203, 6, 'Koto Tuo', '2018-11-07 20:49:13', '2018-11-07 20:49:13'),
(11120306, 1112, 111203, 6, 'Limbukan', '2018-11-07 20:49:13', '2018-11-07 20:49:13'),
(11120307, 1112, 111203, 6, 'Limo Kampung/Kampuang', '2018-11-07 20:49:13', '2018-11-07 20:49:13'),
(11120308, 1112, 111203, 6, 'Padang Kerambil/Karambia', '2018-11-07 20:49:13', '2018-11-07 20:49:13'),
(11120309, 1112, 111203, 6, 'Sawah Padang', '2018-11-07 20:49:13', '2018-11-07 20:49:13'),
(11120401, 1112, 111204, 6, 'Balai Batimah', '2018-11-07 20:49:13', '2018-11-07 20:49:13'),
(11120402, 1112, 111204, 6, 'Balai Jaring/Jariang', '2018-11-07 20:49:13', '2018-11-07 20:49:13'),
(11120403, 1112, 111204, 6, 'Balai Nan Tuo', '2018-11-07 20:49:13', '2018-11-07 20:49:13'),
(11120404, 1112, 111204, 6, 'Bodi', '2018-11-07 20:49:13', '2018-11-07 20:49:13'),
(11120405, 1112, 111204, 6, 'Koto Baru', '2018-11-07 20:49:13', '2018-11-07 20:49:13'),
(11120406, 1112, 111204, 6, 'Koto Panjang', '2018-11-07 20:49:13', '2018-11-07 20:49:13'),
(11120407, 1112, 111204, 6, 'Padang Alai', '2018-11-07 20:49:13', '2018-11-07 20:49:13'),
(11120408, 1112, 111204, 6, 'Padang Tangah Payobadar', '2018-11-07 20:49:13', '2018-11-07 20:49:13'),
(11120409, 1112, 111204, 6, 'Padang Tiakar Hilir/Hilie', '2018-11-07 20:49:13', '2018-11-07 20:49:13'),
(11120410, 1112, 111204, 6, 'Padang Tiakar Mudik/Mudiak', '2018-11-07 20:49:13', '2018-11-07 20:49:13'),
(11120411, 1112, 111204, 6, 'Payobasung/Payobasuang', '2018-11-07 20:49:13', '2018-11-07 20:49:13'),
(11120412, 1112, 111204, 6, 'Ranah', '2018-11-07 20:49:13', '2018-11-07 20:49:13'),
(11120413, 1112, 111204, 6, 'Sicincin Hilir/Hilie', '2018-11-07 20:49:13', '2018-11-07 20:49:13'),
(11120414, 1112, 111204, 6, 'Sicincin Mudik/Mudiak', '2018-11-07 20:49:13', '2018-11-07 20:49:13'),
(11120501, 1112, 111205, 6, 'Balai Baru', '2018-11-07 20:49:13', '2018-11-07 20:49:13'),
(11120502, 1112, 111205, 6, 'Balai Betung (Batung/Batuang)', '2018-11-07 20:49:13', '2018-11-07 20:49:13'),
(11120503, 1112, 111205, 6, 'Balai Cacang', '2018-11-07 20:49:13', '2018-11-07 20:49:13'),
(11120504, 1112, 111205, 6, 'Balai Gadang', '2018-11-07 20:49:13', '2018-11-07 20:49:13'),
(11120505, 1112, 111205, 6, 'Balai Gurun', '2018-11-07 20:49:13', '2018-11-07 20:49:13'),
(11120506, 1112, 111205, 6, 'Balai Jaring/Jariang', '2018-11-07 20:49:13', '2018-11-07 20:49:13'),
(11120507, 1112, 111205, 6, 'Balai Kalikih', '2018-11-07 20:49:13', '2018-11-07 20:49:13'),
(11120508, 1112, 111205, 6, 'Bunian', '2018-11-07 20:49:13', '2018-11-07 20:49:13'),
(11120509, 1112, 111205, 6, 'Cubadak Air/Aie', '2018-11-07 20:49:13', '2018-11-07 20:49:13'),
(11120510, 1112, 111205, 6, 'Kaning/Kaniang Bukik', '2018-11-07 20:49:13', '2018-11-07 20:49:13'),
(11120511, 1112, 111205, 6, 'Koto Baru', '2018-11-07 20:49:13', '2018-11-07 20:49:13'),
(11120512, 1112, 111205, 6, 'Kubu Gadang', '2018-11-07 20:49:13', '2018-11-07 20:49:13'),
(11120513, 1112, 111205, 6, 'Labuh/Labuah Baru', '2018-11-07 20:49:13', '2018-11-07 20:49:13'),
(11120514, 1112, 111205, 6, 'Muaro', '2018-11-07 20:49:13', '2018-11-07 20:49:13'),
(11120515, 1112, 111205, 6, 'Nan Kodok', '2018-11-07 20:49:13', '2018-11-07 20:49:13'),
(11120516, 1112, 111205, 6, 'Napar', '2018-11-07 20:49:13', '2018-11-07 20:49:13'),
(11120517, 1112, 111205, 6, 'Padang Kaduduk/Kaduduak', '2018-11-07 20:49:13', '2018-11-07 20:49:13'),
(11120518, 1112, 111205, 6, 'Pasir/Pasie', '2018-11-07 20:49:13', '2018-11-07 20:49:13'),
(11120519, 1112, 111205, 6, 'Payolinyam', '2018-11-07 20:49:13', '2018-11-07 20:49:13'),
(11120520, 1112, 111205, 6, 'Payonibung/Payonibuang', '2018-11-07 20:49:13', '2018-11-07 20:49:13'),
(11120521, 1112, 111205, 6, 'Talawi', '2018-11-07 20:49:13', '2018-11-07 20:49:13'),
(11120522, 1112, 111205, 6, 'Tanjung Anau (Tanjuang Anau)', '2018-11-07 20:49:13', '2018-11-07 20:49:13'),
(11120523, 1112, 111205, 6, 'Tarok', '2018-11-07 20:49:13', '2018-11-07 20:49:13'),
(11120524, 1112, 111205, 6, 'Taruko', '2018-11-07 20:49:13', '2018-11-07 20:49:13'),
(11120525, 1112, 111205, 6, 'Timbago/Tambago', '2018-11-07 20:49:13', '2018-11-07 20:49:13'),
(11130101, 1113, 111301, 6, 'Damar Lapan Batang Inderapura', '2018-11-07 20:49:13', '2018-11-07 20:49:13'),
(11130102, 1113, 111301, 6, 'Indrapura/Inderapura Timur', '2018-11-07 20:49:13', '2018-11-07 20:49:13'),
(11130103, 1113, 111301, 6, 'Indrapura/Inderapura Utara', '2018-11-07 20:49:13', '2018-11-07 20:49:13'),
(11130104, 1113, 111301, 6, 'Lalang Panjang Inderapura', '2018-11-07 20:49:13', '2018-11-07 20:49:13'),
(11130105, 1113, 111301, 6, 'Lubuk Betung Inderapura', '2018-11-07 20:49:13', '2018-11-07 20:49:13'),
(11130106, 1113, 111301, 6, 'Muara Inderapura', '2018-11-07 20:49:13', '2018-11-07 20:49:13'),
(11130107, 1113, 111301, 6, 'Palokan Inderapura', '2018-11-07 20:49:13', '2018-11-07 20:49:13'),
(11130108, 1113, 111301, 6, 'Pulaurajo Inderapura', '2018-11-07 20:49:13', '2018-11-07 20:49:13'),
(11130109, 1113, 111301, 6, 'Tanah Bakali Inderapura', '2018-11-07 20:49:13', '2018-11-07 20:49:13'),
(11130110, 1113, 111301, 6, 'Tluk Kualo Inderapura', '2018-11-07 20:49:13', '2018-11-07 20:49:13'),
(11130201, 1113, 111302, 6, 'Ampang Tulak Tapan', '2018-11-07 20:49:13', '2018-11-07 20:49:13'),
(11130202, 1113, 111302, 6, 'Batang Arah Tapan', '2018-11-07 20:49:13', '2018-11-07 20:49:13'),
(11130203, 1113, 111302, 6, 'Batang Betung Tapan', '2018-11-07 20:49:13', '2018-11-07 20:49:13'),
(11130204, 1113, 111302, 6, 'Bukitbuai Tapan', '2018-11-07 20:49:13', '2018-11-07 20:49:13'),
(11130205, 1113, 111302, 6, 'Dusun Baru Tapan', '2018-11-07 20:49:13', '2018-11-07 20:49:13'),
(11130206, 1113, 111302, 6, 'Koto Anau Tapan', '2018-11-07 20:49:13', '2018-11-07 20:49:13'),
(11130207, 1113, 111302, 6, 'Limau Purut Tapan', '2018-11-07 20:49:13', '2018-11-07 20:49:13'),
(11130208, 1113, 111302, 6, 'Pasar Tapan', '2018-11-07 20:49:13', '2018-11-07 20:49:13'),
(11130209, 1113, 111302, 6, 'Riakdanau Tapan', '2018-11-07 20:49:13', '2018-11-07 20:49:13'),
(11130210, 1113, 111302, 6, 'Tanjungpondok Tapan', '2018-11-07 20:49:13', '2018-11-07 20:49:13'),
(11130211, 1113, 111302, 6, 'Tapan', '2018-11-07 20:49:13', '2018-11-07 20:49:13'),
(11130301, 1113, 111303, 6, 'IV Koto Hilie', '2018-11-07 20:49:13', '2018-11-07 20:49:13'),
(11130302, 1113, 111303, 6, 'IV Koto Mudiek', '2018-11-07 20:49:13', '2018-11-07 20:49:13'),
(11130303, 1113, 111303, 6, 'Koto Nan Duo IV Koto Hilie', '2018-11-07 20:49:13', '2018-11-07 20:49:13'),
(11130304, 1113, 111303, 6, 'Koto Nan Tigo IV Koto Hilie', '2018-11-07 20:49:13', '2018-11-07 20:49:13'),
(11130305, 1113, 111303, 6, 'Sungainyalo IV Koto Mudiek', '2018-11-07 20:49:13', '2018-11-07 20:49:13'),
(11130306, 1113, 111303, 6, 'Taluak', '2018-11-07 20:49:13', '2018-11-07 20:49:13'),
(11130307, 1113, 111303, 6, 'Taluk Tigo Sakato', '2018-11-07 20:49:13', '2018-11-07 20:49:13'),
(11130308, 1113, 111303, 6, 'Teratak Tempatih IV Koto Mudiek', '2018-11-07 20:49:13', '2018-11-07 20:49:13'),
(11130309, 1113, 111303, 6, 'Tuik IV Koto Mudiek', '2018-11-07 20:49:13', '2018-11-07 20:49:13'),
(11130401, 1113, 111304, 6, 'Api-api Pasar Baru', '2018-11-07 20:49:13', '2018-11-07 20:49:13'),
(11130402, 1113, 111304, 6, 'Asamkamba Pasar Baru', '2018-11-07 20:49:13', '2018-11-07 20:49:13'),
(11130403, 1113, 111304, 6, 'Aur Begalung Talaok', '2018-11-07 20:49:13', '2018-11-07 20:49:13'),
(11130404, 1113, 111304, 6, 'Gurun Panjang', '2018-11-07 20:49:13', '2018-11-07 20:49:13'),
(11130405, 1113, 111304, 6, 'Gurun Panjang Barat', '2018-11-07 20:49:13', '2018-11-07 20:49:13'),
(11130406, 1113, 111304, 6, 'Gurun Panjang Selatan', '2018-11-07 20:49:13', '2018-11-07 20:49:13'),
(11130407, 1113, 111304, 6, 'Gurun Panjang Utara', '2018-11-07 20:49:13', '2018-11-07 20:49:13'),
(11130408, 1113, 111304, 6, 'Kapeh Panji Jaya Talaok', '2018-11-07 20:49:13', '2018-11-07 20:49:13'),
(11130409, 1113, 111304, 6, 'Kapelgam Koto Berapak', '2018-11-07 20:49:13', '2018-11-07 20:49:13'),
(11130410, 1113, 111304, 6, 'Kapujan Koto Berapak', '2018-11-07 20:49:13', '2018-11-07 20:49:13'),
(11130411, 1113, 111304, 6, 'Koto Baru Koto Berapak', '2018-11-07 20:49:13', '2018-11-07 20:49:13'),
(11130412, 1113, 111304, 6, 'Koto Berapak', '2018-11-07 20:49:13', '2018-11-07 20:49:13'),
(11130413, 1113, 111304, 6, 'Kubang Koto Berapak', '2018-11-07 20:49:13', '2018-11-07 20:49:13'),
(11130414, 1113, 111304, 6, 'Pasar Baru', '2018-11-07 20:49:13', '2018-11-07 20:49:13'),
(11130415, 1113, 111304, 6, 'Sawahlaweh Pasar Baru', '2018-11-07 20:49:13', '2018-11-07 20:49:13'),
(11130416, 1113, 111304, 6, 'Talaok', '2018-11-07 20:49:13', '2018-11-07 20:49:13'),
(11130417, 1113, 111304, 6, 'Tanjungdurian Pasar Baru', '2018-11-07 20:49:13', '2018-11-07 20:49:13'),
(11130501, 1113, 111305, 6, 'Ampang Tareh Lumpo', '2018-11-07 20:49:13', '2018-11-07 20:49:13'),
(11130502, 1113, 111305, 6, 'Ampuan Lumpo', '2018-11-07 20:49:13', '2018-11-07 20:49:13'),
(11130503, 1113, 111305, 6, 'Balai Sinayan Lumpo', '2018-11-07 20:49:13', '2018-11-07 20:49:13'),
(11130504, 1113, 111305, 6, 'Batu Kunik Lumpo', '2018-11-07 20:49:13', '2018-11-07 20:49:13'),
(11130505, 1113, 111305, 6, 'Bunga Pasang Salido', '2018-11-07 20:49:13', '2018-11-07 20:49:13'),
(11130506, 1113, 111305, 6, 'Gunungbungkuak Lumpo', '2018-11-07 20:49:13', '2018-11-07 20:49:13'),
(11130507, 1113, 111305, 6, 'Koto Rawang', '2018-11-07 20:49:13', '2018-11-07 20:49:13'),
(11130508, 1113, 111305, 6, 'Limau Gadang Lumpo', '2018-11-07 20:49:13', '2018-11-07 20:49:13'),
(11130509, 1113, 111305, 6, 'Lumpo', '2018-11-07 20:49:13', '2018-11-07 20:49:13'),
(11130510, 1113, 111305, 6, 'Painan', '2018-11-07 20:49:13', '2018-11-07 20:49:13'),
(11130511, 1113, 111305, 6, 'Painan Selatan Painan', '2018-11-07 20:49:13', '2018-11-07 20:49:13'),
(11130512, 1113, 111305, 6, 'Painan Timur Painan', '2018-11-07 20:49:13', '2018-11-07 20:49:13'),
(11130513, 1113, 111305, 6, 'Sago Salido', '2018-11-07 20:49:13', '2018-11-07 20:49:13'),
(11130514, 1113, 111305, 6, 'Salido', '2018-11-07 20:49:13', '2018-11-07 20:49:13'),
(11130515, 1113, 111305, 6, 'Salido Sari Bulan', '2018-11-07 20:49:13', '2018-11-07 20:49:13'),
(11130516, 1113, 111305, 6, 'Sungaibukik Kaciak Lumpo', '2018-11-07 20:49:13', '2018-11-07 20:49:13'),
(11130517, 1113, 111305, 6, 'Sungaigayo Lumpo', '2018-11-07 20:49:13', '2018-11-07 20:49:13'),
(11130518, 1113, 111305, 6, 'Sungaisariak Lumpo', '2018-11-07 20:49:13', '2018-11-07 20:49:13'),
(11130519, 1113, 111305, 6, 'Tambang', '2018-11-07 20:49:13', '2018-11-07 20:49:13'),
(11130520, 1113, 111305, 6, 'Taratak Tangah Lumpo', '2018-11-07 20:49:13', '2018-11-07 20:49:13'),
(11130601, 1113, 111306, 6, 'Koto Ranah', '2018-11-07 20:49:13', '2018-11-07 20:49:13'),
(11130602, 1113, 111306, 6, 'Limau Gadang Pancung Taba', '2018-11-07 20:49:13', '2018-11-07 20:49:13'),
(11130603, 1113, 111306, 6, 'Muaro Aie', '2018-11-07 20:49:13', '2018-11-07 20:49:13'),
(11130604, 1113, 111306, 6, 'Pancung Taba', '2018-11-07 20:49:13', '2018-11-07 20:49:13'),
(11130605, 1113, 111306, 6, 'Puluik Puluik', '2018-11-07 20:49:13', '2018-11-07 20:49:13'),
(11130606, 1113, 111306, 6, 'Puluik-Puluik Selatan', '2018-11-07 20:49:13', '2018-11-07 20:49:13'),
(11130701, 1113, 111307, 6, 'Ampang Pulai', '2018-11-07 20:49:13', '2018-11-07 20:49:13'),
(11130702, 1113, 111307, 6, 'Barung Barung Balantai', '2018-11-07 20:49:13', '2018-11-07 20:49:13'),
(11130703, 1113, 111307, 6, 'Barung Barung Balantai Selatan', '2018-11-07 20:49:13', '2018-11-07 20:49:13'),
(11130704, 1113, 111307, 6, 'Barung-Barung Balantai Tengah', '2018-11-07 20:49:13', '2018-11-07 20:49:13'),
(11130705, 1113, 111307, 6, 'Barung-Barung Balantai Timur', '2018-11-07 20:49:13', '2018-11-07 20:49:13'),
(11130706, 1113, 111307, 6, 'Batu Hampa', '2018-11-07 20:49:13', '2018-11-07 20:49:13'),
(11130707, 1113, 111307, 6, 'Batuhampar Selatan', '2018-11-07 20:49:13', '2018-11-07 20:49:13'),
(11130708, 1113, 111307, 6, 'Cerocok Anau Ampang Pulai', '2018-11-07 20:49:13', '2018-11-07 20:49:13'),
(11130709, 1113, 111307, 6, 'Duku', '2018-11-07 20:49:13', '2018-11-07 20:49:13'),
(11130710, 1113, 111307, 6, 'Duku Utara', '2018-11-07 20:49:13', '2018-11-07 20:49:13'),
(11130711, 1113, 111307, 6, 'Jinang Kampung Pansur Ampang Pulai', '2018-11-07 20:49:13', '2018-11-07 20:49:13'),
(11130712, 1113, 111307, 6, 'Kampungbaru Korong nan Ampek', '2018-11-07 20:49:13', '2018-11-07 20:49:13'),
(11130713, 1113, 111307, 6, 'Kapuh', '2018-11-07 20:49:13', '2018-11-07 20:49:13'),
(11130714, 1113, 111307, 6, 'Kapuh Utara', '2018-11-07 20:49:13', '2018-11-07 20:49:13'),
(11130715, 1113, 111307, 6, 'Mandeh', '2018-11-07 20:49:13', '2018-11-07 20:49:13'),
(11130716, 1113, 111307, 6, 'Nanggalo', '2018-11-07 20:49:13', '2018-11-07 20:49:13'),
(11130717, 1113, 111307, 6, 'Pulaukaram Ampang Pulai', '2018-11-07 20:49:13', '2018-11-07 20:49:13'),
(11130718, 1113, 111307, 6, 'Setara Nanggalo', '2018-11-07 20:49:13', '2018-11-07 20:49:13'),
(11130719, 1113, 111307, 6, 'Siguntur', '2018-11-07 20:49:13', '2018-11-07 20:49:13'),
(11130720, 1113, 111307, 6, 'Siguntur Tua', '2018-11-07 20:49:13', '2018-11-07 20:49:13'),
(11130721, 1113, 111307, 6, 'Sungai Pinang', '2018-11-07 20:49:13', '2018-11-07 20:49:13'),
(11130722, 1113, 111307, 6, 'Sungainyalo Mudiak Aia', '2018-11-07 20:49:13', '2018-11-07 20:49:13'),
(11130723, 1113, 111307, 6, 'Taratak Sei Lundang', '2018-11-07 20:49:13', '2018-11-07 20:49:13'),
(11130801, 1113, 111308, 6, 'Kambang', '2018-11-07 20:49:13', '2018-11-07 20:49:13'),
(11130802, 1113, 111308, 6, 'Kambang Barat', '2018-11-07 20:49:13', '2018-11-07 20:49:13'),
(11130803, 1113, 111308, 6, 'Kambang Timur', '2018-11-07 20:49:13', '2018-11-07 20:49:13'),
(11130804, 1113, 111308, 6, 'Kambang Utara', '2018-11-07 20:49:13', '2018-11-07 20:49:13'),
(11130805, 1113, 111308, 6, 'Lakitan', '2018-11-07 20:49:13', '2018-11-07 20:49:13'),
(11130806, 1113, 111308, 6, 'Lakitan Selatan', '2018-11-07 20:49:13', '2018-11-07 20:49:13'),
(11130807, 1113, 111308, 6, 'Lakitan Tengah', '2018-11-07 20:49:13', '2018-11-07 20:49:13'),
(11130808, 1113, 111308, 6, 'Lakitan Timur', '2018-11-07 20:49:13', '2018-11-07 20:49:13'),
(11130809, 1113, 111308, 6, 'Lakitan Utara', '2018-11-07 20:49:13', '2018-11-07 20:49:13'),
(11130901, 1113, 111309, 6, 'Air Haji', '2018-11-07 20:49:13', '2018-11-07 20:49:13'),
(11130902, 1113, 111309, 6, 'Air Haji Barat', '2018-11-07 20:49:13', '2018-11-07 20:49:13'),
(11130903, 1113, 111309, 6, 'Air Haji Tengah', '2018-11-07 20:49:13', '2018-11-07 20:49:13'),
(11130904, 1113, 111309, 6, 'Air Haji Tenggara', '2018-11-07 20:49:13', '2018-11-07 20:49:13'),
(11130905, 1113, 111309, 6, 'Lagan Hilir Punggasan', '2018-11-07 20:49:13', '2018-11-07 20:49:13'),
(11130906, 1113, 111309, 6, 'Lagan Mudik Punggasan', '2018-11-07 20:49:13', '2018-11-07 20:49:13'),
(11130907, 1113, 111309, 6, 'Muaragadang Air Haji', '2018-11-07 20:49:13', '2018-11-07 20:49:13'),
(11130908, 1113, 111309, 6, 'Muarakandis Punggasan', '2018-11-07 20:49:13', '2018-11-07 20:49:13'),
(11130909, 1113, 111309, 6, 'Padang XI Punggasan', '2018-11-07 20:49:13', '2018-11-07 20:49:13'),
(11130910, 1113, 111309, 6, 'Pasar Bukit Air Haji', '2018-11-07 20:49:13', '2018-11-07 20:49:13'),
(11130911, 1113, 111309, 6, 'Pasar Lama Muara Air Haji', '2018-11-07 20:49:13', '2018-11-07 20:49:13'),
(11130912, 1113, 111309, 6, 'Punggasan', '2018-11-07 20:49:13', '2018-11-07 20:49:13'),
(11130913, 1113, 111309, 6, 'Punggasan Timur', '2018-11-07 20:49:13', '2018-11-07 20:49:13'),
(11130914, 1113, 111309, 6, 'Punggasan Utara', '2018-11-07 20:49:13', '2018-11-07 20:49:13'),
(11130915, 1113, 111309, 6, 'Rantau Simalenang Air Haji', '2018-11-07 20:49:13', '2018-11-07 20:49:13'),
(11130916, 1113, 111309, 6, 'Sungaisirah Air Haji', '2018-11-07 20:49:13', '2018-11-07 20:49:13'),
(11131001, 1113, 111310, 6, 'Lunang', '2018-11-07 20:49:13', '2018-11-07 20:49:13'),
(11131002, 1113, 111310, 6, 'Lunang Barat', '2018-11-07 20:49:13', '2018-11-07 20:49:13'),
(11131003, 1113, 111310, 6, 'Lunang Dua', '2018-11-07 20:49:13', '2018-11-07 20:49:13'),
(11131004, 1113, 111310, 6, 'Lunang Satu', '2018-11-07 20:49:13', '2018-11-07 20:49:13'),
(11131005, 1113, 111310, 6, 'Lunang Selatan', '2018-11-07 20:49:13', '2018-11-07 20:49:13'),
(11131006, 1113, 111310, 6, 'Lunang Tengah', '2018-11-07 20:49:13', '2018-11-07 20:49:13'),
(11131007, 1113, 111310, 6, 'Lunang Tiga', '2018-11-07 20:49:13', '2018-11-07 20:49:13'),
(11131008, 1113, 111310, 6, 'Lunang Utara', '2018-11-07 20:49:13', '2018-11-07 20:49:13'),
(11131009, 1113, 111310, 6, 'Pondok Parian Lunang', '2018-11-07 20:49:13', '2018-11-07 20:49:13'),
(11131010, 1113, 111310, 6, 'Sindang Lunang', '2018-11-07 20:49:13', '2018-11-07 20:49:13'),
(11131101, 1113, 111311, 6, 'Inderapura', '2018-11-07 20:49:13', '2018-11-07 20:49:13'),
(11131102, 1113, 111311, 6, 'Indrapura/Inderapura Barat', '2018-11-07 20:49:13', '2018-11-07 20:49:13'),
(11131103, 1113, 111311, 6, 'Indrapura/Inderapura Selatan', '2018-11-07 20:49:13', '2018-11-07 20:49:13'),
(11131104, 1113, 111311, 6, 'Indrapura/Inderapura Tengah', '2018-11-07 20:49:13', '2018-11-07 20:49:13'),
(11131105, 1113, 111311, 6, 'Kudo-Kudo Inderapura', '2018-11-07 20:49:13', '2018-11-07 20:49:13'),
(11131106, 1113, 111311, 6, 'Muaro Sakai Inderapura', '2018-11-07 20:49:13', '2018-11-07 20:49:13'),
(11131107, 1113, 111311, 6, 'Simpang Lama Inderapura', '2018-11-07 20:49:13', '2018-11-07 20:49:13'),
(11131108, 1113, 111311, 6, 'Tiga Sepakat Inderapura', '2018-11-07 20:49:13', '2018-11-07 20:49:13'),
(11131109, 1113, 111311, 6, 'Tigosungai Inderapura', '2018-11-07 20:49:13', '2018-11-07 20:49:13'),
(11131110, 1113, 111311, 6, 'Tluk Amplu Inderapura', '2018-11-07 20:49:13', '2018-11-07 20:49:13'),
(11131201, 1113, 111312, 6, 'Binjai Tapan', '2018-11-07 20:49:13', '2018-11-07 20:49:13'),
(11131202, 1113, 111312, 6, 'Kampung Tengah Tapan', '2018-11-07 20:49:13', '2018-11-07 20:49:13'),
(11131203, 1113, 111312, 6, 'Kobu Tapan', '2018-11-07 20:49:13', '2018-11-07 20:49:13'),
(11131204, 1113, 111312, 6, 'Simpanggunung Tapan', '2018-11-07 20:49:13', '2018-11-07 20:49:13'),
(11131205, 1113, 111312, 6, 'Sungaigambir Sako Tapan', '2018-11-07 20:49:13', '2018-11-07 20:49:13'),
(11131206, 1113, 111312, 6, 'Sungaipinang Tapan', '2018-11-07 20:49:13', '2018-11-07 20:49:13'),
(11131207, 1113, 111312, 6, 'Talang Balarik Tapan', '2018-11-07 20:49:13', '2018-11-07 20:49:13'),
(11131208, 1113, 111312, 6, 'Talang Koto Pulai Tapan', '2018-11-07 20:49:13', '2018-11-07 20:49:13'),
(11131209, 1113, 111312, 6, 'Tebing Tinggi Tapan', '2018-11-07 20:49:13', '2018-11-07 20:49:13'),
(11131301, 1113, 111313, 6, 'Koto VIII Pelangai', '2018-11-07 20:49:13', '2018-11-07 20:49:13'),
(11131302, 1113, 111313, 6, 'Nyiur Malambai Pelangai', '2018-11-07 20:49:13', '2018-11-07 20:49:13'),
(11131303, 1113, 111313, 6, 'Palangai Gadang', '2018-11-07 20:49:13', '2018-11-07 20:49:13'),
(11131304, 1113, 111313, 6, 'Pasia Palangai', '2018-11-07 20:49:13', '2018-11-07 20:49:13'),
(11131305, 1113, 111313, 6, 'Pelangai', '2018-11-07 20:49:13', '2018-11-07 20:49:13'),
(11131306, 1113, 111313, 6, 'Pelangai Kaciak', '2018-11-07 20:49:13', '2018-11-07 20:49:13'),
(11131307, 1113, 111313, 6, 'Sungai Tunu', '2018-11-07 20:49:13', '2018-11-07 20:49:13'),
(11131308, 1113, 111313, 6, 'Sungailiku Pelangai', '2018-11-07 20:49:13', '2018-11-07 20:49:13'),
(11131309, 1113, 111313, 6, 'Sungaitunu Barat', '2018-11-07 20:49:13', '2018-11-07 20:49:13'),
(11131310, 1113, 111313, 6, 'Sungaitunu Utara', '2018-11-07 20:49:13', '2018-11-07 20:49:13'),
(11131401, 1113, 111314, 6, 'Air Hitam', '2018-11-07 20:49:13', '2018-11-07 20:49:13'),
(11131402, 1113, 111314, 6, 'Durian Seribu', '2018-11-07 20:49:13', '2018-11-07 20:49:13'),
(11131403, 1113, 111314, 6, 'Lubuk Bunta', '2018-11-07 20:49:13', '2018-11-07 20:49:13'),
(11131404, 1113, 111314, 6, 'Pasir Binjai', '2018-11-07 20:49:13', '2018-11-07 20:49:13'),
(11131405, 1113, 111314, 6, 'Sambungo', '2018-11-07 20:49:13', '2018-11-07 20:49:13'),
(11131406, 1113, 111314, 6, 'Silaut', '2018-11-07 20:49:13', '2018-11-07 20:49:13'),
(11131407, 1113, 111314, 6, 'Sungaipulai', '2018-11-07 20:49:13', '2018-11-07 20:49:13'),
(11131408, 1113, 111314, 6, 'Sungaisarik', '2018-11-07 20:49:13', '2018-11-07 20:49:13'),
(11131409, 1113, 111314, 6, 'Sungaisirah', '2018-11-07 20:49:13', '2018-11-07 20:49:13'),
(11131410, 1113, 111314, 6, 'Talang Binjai', '2018-11-07 20:49:13', '2018-11-07 20:49:13'),
(11131501, 1113, 111315, 6, 'Amping Parak', '2018-11-07 20:49:13', '2018-11-07 20:49:13'),
(11131502, 1113, 111315, 6, 'Amping Parak Timur', '2018-11-07 20:49:13', '2018-11-07 20:49:13'),
(11131503, 1113, 111315, 6, 'Aur Duri Surantih', '2018-11-07 20:49:13', '2018-11-07 20:49:13'),
(11131504, 1113, 111315, 6, 'Ganting Mudiak Selatan Surantih', '2018-11-07 20:49:13', '2018-11-07 20:49:13'),
(11131505, 1113, 111315, 6, 'Ganting Mudiak Utara Surantih', '2018-11-07 20:49:13', '2018-11-07 20:49:13'),
(11131506, 1113, 111315, 6, 'Koto Nan Tigo Selatan Surantih', '2018-11-07 20:49:13', '2018-11-07 20:49:13'),
(11131507, 1113, 111315, 6, 'Koto Nan Tigo Utara Surantih', '2018-11-07 20:49:13', '2018-11-07 20:49:13'),
(11131508, 1113, 111315, 6, 'Koto Taratak', '2018-11-07 20:49:13', '2018-11-07 20:49:13'),
(11131509, 1113, 111315, 6, 'Lansano Taratak', '2018-11-07 20:49:13', '2018-11-07 20:49:13'),
(11131510, 1113, 111315, 6, 'Rawanggunung Mamelo Surantih', '2018-11-07 20:49:13', '2018-11-07 20:49:13'),
(11131511, 1113, 111315, 6, 'Surantih', '2018-11-07 20:49:13', '2018-11-07 20:49:13'),
(11131512, 1113, 111315, 6, 'Taratak', '2018-11-07 20:49:13', '2018-11-07 20:49:13'),
(11140101, 1114, 111401, 6, 'Balai Batu Sandaran', '2018-11-07 20:49:13', '2018-11-07 20:49:13'),
(11140102, 1114, 111401, 6, 'Durian I', '2018-11-07 20:49:13', '2018-11-07 20:49:13'),
(11140103, 1114, 111401, 6, 'Durian II', '2018-11-07 20:49:13', '2018-11-07 20:49:13'),
(11140104, 1114, 111401, 6, 'Kolok Mudik/Mudiak', '2018-11-07 20:49:13', '2018-11-07 20:49:13'),
(11140105, 1114, 111401, 6, 'Kolok Nan Tuo', '2018-11-07 20:49:13', '2018-11-07 20:49:13'),
(11140106, 1114, 111401, 6, 'Lubang Panjang', '2018-11-07 20:49:13', '2018-11-07 20:49:13'),
(11140107, 1114, 111401, 6, 'Lumindai', '2018-11-07 20:49:13', '2018-11-07 20:49:13'),
(11140108, 1114, 111401, 6, 'Santur/Santua', '2018-11-07 20:49:13', '2018-11-07 20:49:13'),
(11140109, 1114, 111401, 6, 'Saringan', '2018-11-07 20:49:13', '2018-11-07 20:49:13'),
(11140110, 1114, 111401, 6, 'Talago Gunung/Gunuang', '2018-11-07 20:49:13', '2018-11-07 20:49:13'),
(11140201, 1114, 111402, 6, 'Air Mulyo (Aurmulyo)', '2018-11-07 20:49:13', '2018-11-07 20:49:13'),
(11140202, 1114, 111402, 6, 'Air/Aia Dingin', '2018-11-07 20:49:13', '2018-11-07 20:49:13'),
(11140203, 1114, 111402, 6, 'Kubang Sirakuk/Sirakuak Selatan', '2018-11-07 20:49:13', '2018-11-07 20:49:13'),
(11140204, 1114, 111402, 6, 'Kubang Sirakuk/Sirakuak Utara', '2018-11-07 20:49:13', '2018-11-07 20:49:13'),
(11140205, 1114, 111402, 6, 'Kubang Tangah', '2018-11-07 20:49:13', '2018-11-07 20:49:13'),
(11140206, 1114, 111402, 6, 'Kubang Utara Sikabu', '2018-11-07 20:49:13', '2018-11-07 20:49:13'),
(11140207, 1114, 111402, 6, 'Lunto Barat', '2018-11-07 20:49:13', '2018-11-07 20:49:13'),
(11140208, 1114, 111402, 6, 'Lunto Timur', '2018-11-07 20:49:13', '2018-11-07 20:49:13'),
(11140209, 1114, 111402, 6, 'Pasar', '2018-11-07 20:49:13', '2018-11-07 20:49:13'),
(11140210, 1114, 111402, 6, 'Pasar Kubang', '2018-11-07 20:49:13', '2018-11-07 20:49:13'),
(11140211, 1114, 111402, 6, 'Tanah Lapang', '2018-11-07 20:49:13', '2018-11-07 20:49:13'),
(11140301, 1114, 111403, 6, 'Muaro Kalaban', '2018-11-07 20:49:13', '2018-11-07 20:49:13'),
(11140302, 1114, 111403, 6, 'Silungkang Duo', '2018-11-07 20:49:13', '2018-11-07 20:49:13'),
(11140303, 1114, 111403, 6, 'Silungkang Oso', '2018-11-07 20:49:13', '2018-11-07 20:49:13'),
(11140304, 1114, 111403, 6, 'Silungkang Tigo', '2018-11-07 20:49:13', '2018-11-07 20:49:13'),
(11140305, 1114, 111403, 6, 'Taratak Bancah/Boncah', '2018-11-07 20:49:13', '2018-11-07 20:49:13'),
(11140401, 1114, 111404, 6, 'Batu Tanjuang', '2018-11-07 20:49:13', '2018-11-07 20:49:13'),
(11140402, 1114, 111404, 6, 'Bukik Gadang', '2018-11-07 20:49:13', '2018-11-07 20:49:13'),
(11140403, 1114, 111404, 6, 'Datar Mansiang', '2018-11-07 20:49:13', '2018-11-07 20:49:13'),
(11140404, 1114, 111404, 6, 'Kumbayau', '2018-11-07 20:49:13', '2018-11-07 20:49:13'),
(11140405, 1114, 111404, 6, 'Rantih', '2018-11-07 20:49:13', '2018-11-07 20:49:13'),
(11140406, 1114, 111404, 6, 'Salak', '2018-11-07 20:49:13', '2018-11-07 20:49:13'),
(11140407, 1114, 111404, 6, 'Sijantang Koto', '2018-11-07 20:49:13', '2018-11-07 20:49:13'),
(11140408, 1114, 111404, 6, 'Sikalang', '2018-11-07 20:49:13', '2018-11-07 20:49:13'),
(11140409, 1114, 111404, 6, 'Talawi Hilir/Hilia', '2018-11-07 20:49:13', '2018-11-07 20:49:13'),
(11140410, 1114, 111404, 6, 'Talawi Mudik/Mudiak', '2018-11-07 20:49:13', '2018-11-07 20:49:13'),
(11140411, 1114, 111404, 6, 'Tumpuak Tangah', '2018-11-07 20:49:13', '2018-11-07 20:49:13'),
(11150101, 1115, 111501, 6, 'Koto Baru', '2018-11-07 20:49:13', '2018-11-07 20:49:13'),
(11150102, 1115, 111501, 6, 'Koto Tuo', '2018-11-07 20:49:13', '2018-11-07 20:49:13'),
(11150103, 1115, 111501, 6, 'Muaro Bodi', '2018-11-07 20:49:13', '2018-11-07 20:49:13'),
(11150104, 1115, 111501, 6, 'Mundam Sakti', '2018-11-07 20:49:13', '2018-11-07 20:49:13'),
(11150105, 1115, 111501, 6, 'Palangki', '2018-11-07 20:49:13', '2018-11-07 20:49:13'),
(11150201, 1115, 111502, 6, 'Aia Amo', '2018-11-07 20:49:13', '2018-11-07 20:49:13'),
(11150202, 1115, 111502, 6, 'Kamang', '2018-11-07 20:49:13', '2018-11-07 20:49:13'),
(11150203, 1115, 111502, 6, 'Kunangan Parik Rantang', '2018-11-07 20:49:13', '2018-11-07 20:49:13'),
(11150204, 1115, 111502, 6, 'Lubuk Tarantang', '2018-11-07 20:49:13', '2018-11-07 20:49:13'),
(11150205, 1115, 111502, 6, 'Maloro', '2018-11-07 20:49:13', '2018-11-07 20:49:13'),
(11150206, 1115, 111502, 6, 'Muaro Takuang', '2018-11-07 20:49:13', '2018-11-07 20:49:13'),
(11150207, 1115, 111502, 6, 'Padang Tarok', '2018-11-07 20:49:13', '2018-11-07 20:49:13'),
(11150208, 1115, 111502, 6, 'Siaur', '2018-11-07 20:49:13', '2018-11-07 20:49:13'),
(11150209, 1115, 111502, 6, 'Sungai Batuang', '2018-11-07 20:49:13', '2018-11-07 20:49:13'),
(11150210, 1115, 111502, 6, 'Sungai Lansek', '2018-11-07 20:49:13', '2018-11-07 20:49:13'),
(11150211, 1115, 111502, 6, 'Tanjung Kaliang', '2018-11-07 20:49:13', '2018-11-07 20:49:13'),
(11150301, 1115, 111503, 6, 'Bukit Bual', '2018-11-07 20:49:13', '2018-11-07 20:49:13'),
(11150302, 1115, 111503, 6, 'Guguk', '2018-11-07 20:49:13', '2018-11-07 20:49:13'),
(11150303, 1115, 111503, 6, 'Limo Koto', '2018-11-07 20:49:13', '2018-11-07 20:49:13'),
(11150304, 1115, 111503, 6, 'Padang Laweh', '2018-11-07 20:49:13', '2018-11-07 20:49:13'),
(11150305, 1115, 111503, 6, 'Palaluar', '2018-11-07 20:49:13', '2018-11-07 20:49:13'),
(11150306, 1115, 111503, 6, 'Tanjung', '2018-11-07 20:49:13', '2018-11-07 20:49:13'),
(11150401, 1115, 111504, 6, 'Batu Manjulur', '2018-11-07 20:49:13', '2018-11-07 20:49:13'),
(11150402, 1115, 111504, 6, 'Desa Kampung Baru', '2018-11-07 20:49:13', '2018-11-07 20:49:13'),
(11150403, 1115, 111504, 6, 'Padang Sibusuk', '2018-11-07 20:49:13', '2018-11-07 20:49:13'),
(11150404, 1115, 111504, 6, 'Pamuatan', '2018-11-07 20:49:13', '2018-11-07 20:49:13'),
(11150501, 1115, 111505, 6, 'Buluah Kasok', '2018-11-07 20:49:13', '2018-11-07 20:49:13'),
(11150502, 1115, 111505, 6, 'Kampung Dalam', '2018-11-07 20:49:13', '2018-11-07 20:49:13'),
(11150503, 1115, 111505, 6, 'Lalan', '2018-11-07 20:49:13', '2018-11-07 20:49:13'),
(11150504, 1115, 111505, 6, 'Latang', '2018-11-07 20:49:13', '2018-11-07 20:49:13'),
(11150505, 1115, 111505, 6, 'Lubuak Tarok', '2018-11-07 20:49:13', '2018-11-07 20:49:13'),
(11150506, 1115, 111505, 6, 'Silongo', '2018-11-07 20:49:13', '2018-11-07 20:49:13'),
(11150601, 1115, 111506, 6, 'Aie Angek', '2018-11-07 20:49:13', '2018-11-07 20:49:13'),
(11150602, 1115, 111506, 6, 'Durian Gadang', '2018-11-07 20:49:13', '2018-11-07 20:49:13'),
(11150603, 1115, 111506, 6, 'Kandang Baru', '2018-11-07 20:49:13', '2018-11-07 20:49:13'),
(11150604, 1115, 111506, 6, 'Muaro', '2018-11-07 20:49:13', '2018-11-07 20:49:13'),
(11150605, 1115, 111506, 6, 'Paru', '2018-11-07 20:49:13', '2018-11-07 20:49:13'),
(11150606, 1115, 111506, 6, 'Pematang Panjang', '2018-11-07 20:49:13', '2018-11-07 20:49:13'),
(11150607, 1115, 111506, 6, 'Sijunjung', '2018-11-07 20:49:13', '2018-11-07 20:49:13'),
(11150608, 1115, 111506, 6, 'Silokek', '2018-11-07 20:49:13', '2018-11-07 20:49:13'),
(11150609, 1115, 111506, 6, 'Solok Ambah', '2018-11-07 20:49:13', '2018-11-07 20:49:13'),
(11150701, 1115, 111507, 6, 'Kumanis', '2018-11-07 20:49:13', '2018-11-07 20:49:13'),
(11150702, 1115, 111507, 6, 'Mangganti', '2018-11-07 20:49:13', '2018-11-07 20:49:13'),
(11150703, 1115, 111507, 6, 'Silantai', '2018-11-07 20:49:13', '2018-11-07 20:49:13'),
(11150704, 1115, 111507, 6, 'Sisawah', '2018-11-07 20:49:13', '2018-11-07 20:49:13'),
(11150705, 1115, 111507, 6, 'Sumpur Kudus', '2018-11-07 20:49:13', '2018-11-07 20:49:13'),
(11150706, 1115, 111507, 6, 'Sumpur Kudus Selatan', '2018-11-07 20:49:13', '2018-11-07 20:49:13'),
(11150707, 1115, 111507, 6, 'Tamparungo', '2018-11-07 20:49:13', '2018-11-07 20:49:13'),
(11150708, 1115, 111507, 6, 'Tanjuang Labuah', '2018-11-07 20:49:13', '2018-11-07 20:49:13'),
(11150709, 1115, 111507, 6, 'Tanjung Bonai Aur', '2018-11-07 20:49:13', '2018-11-07 20:49:13'),
(11150710, 1115, 111507, 6, 'Tanjung Bonai Aur Selatan', '2018-11-07 20:49:13', '2018-11-07 20:49:13'),
(11150711, 1115, 111507, 6, 'Unggan', '2018-11-07 20:49:13', '2018-11-07 20:49:13'),
(11150801, 1115, 111508, 6, 'Langki', '2018-11-07 20:49:13', '2018-11-07 20:49:13'),
(11150802, 1115, 111508, 6, 'Pulasan', '2018-11-07 20:49:13', '2018-11-07 20:49:13'),
(11150803, 1115, 111508, 6, 'Sibakur', '2018-11-07 20:49:13', '2018-11-07 20:49:13'),
(11150804, 1115, 111508, 6, 'Sinyamu', '2018-11-07 20:49:13', '2018-11-07 20:49:13'),
(11150805, 1115, 111508, 6, 'Tanjung Gadang', '2018-11-07 20:49:13', '2018-11-07 20:49:13'),
(11150806, 1115, 111508, 6, 'Tanjung Lolo', '2018-11-07 20:49:13', '2018-11-07 20:49:13'),
(11150807, 1115, 111508, 6, 'Taratak Baru', '2018-11-07 20:49:13', '2018-11-07 20:49:13'),
(11150808, 1115, 111508, 6, 'Taratak Baru Utara', '2018-11-07 20:49:13', '2018-11-07 20:49:13'),
(11150809, 1115, 111508, 6, 'Timbulun', '2018-11-07 20:49:13', '2018-11-07 20:49:13'),
(11160101, 1116, 111601, 6, 'Aro IV Korong', '2018-11-07 20:49:13', '2018-11-07 20:49:13'),
(11160102, 1116, 111601, 6, 'IX Korong', '2018-11-07 20:49:13', '2018-11-07 20:49:13'),
(11160103, 1116, 111601, 6, 'Kampai Tabu Kerambil/Karambia', '2018-11-07 20:49:13', '2018-11-07 20:49:13'),
(11160104, 1116, 111601, 6, 'Simpang Rumbio', '2018-11-07 20:49:13', '2018-11-07 20:49:13'),
(11160105, 1116, 111601, 6, 'Sinapa Piliang', '2018-11-07 20:49:13', '2018-11-07 20:49:13'),
(11160106, 1116, 111601, 6, 'Tanah Garam', '2018-11-07 20:49:13', '2018-11-07 20:49:13'),
(11160107, 1116, 111601, 6, 'VI Suku', '2018-11-07 20:49:13', '2018-11-07 20:49:13'),
(11160201, 1116, 111602, 6, 'Kampung Jawa', '2018-11-07 20:49:13', '2018-11-07 20:49:13'),
(11160202, 1116, 111602, 6, 'Koto Panjang', '2018-11-07 20:49:13', '2018-11-07 20:49:13'),
(11160203, 1116, 111602, 6, 'Laing', '2018-11-07 20:49:13', '2018-11-07 20:49:13'),
(11160204, 1116, 111602, 6, 'Nan Balimo', '2018-11-07 20:49:13', '2018-11-07 20:49:13'),
(11160205, 1116, 111602, 6, 'Pasar Pandan Air Mati', '2018-11-07 20:49:13', '2018-11-07 20:49:13'),
(11160206, 1116, 111602, 6, 'Tanjung Paku', '2018-11-07 20:49:13', '2018-11-07 20:49:13'),
(11160307, 1116, 111603, 6, 'Bukit Tandang', '2018-11-07 20:49:13', '2018-11-07 20:49:13'),
(11160308, 1116, 111603, 6, 'Dilam', '2018-11-07 20:49:13', '2018-11-07 20:49:13'),
(11160309, 1116, 111603, 6, 'Kinari', '2018-11-07 20:49:13', '2018-11-07 20:49:13'),
(11160310, 1116, 111603, 6, 'Muaro Paneh', '2018-11-07 20:49:13', '2018-11-07 20:49:13'),
(11160311, 1116, 111603, 6, 'Parambahan', '2018-11-07 20:49:13', '2018-11-07 20:49:13'),
(11160401, 1116, 111604, 6, 'Kampung Batu Dalam', '2018-11-07 20:49:13', '2018-11-07 20:49:13'),
(11160402, 1116, 111604, 6, 'Simpang Tanjuang Nan Ampek/IV', '2018-11-07 20:49:13', '2018-11-07 20:49:13'),
(11160501, 1116, 111605, 6, 'Aia Batumbuak', '2018-11-07 20:49:13', '2018-11-07 20:49:13'),
(11160502, 1116, 111605, 6, 'Batang Barus', '2018-11-07 20:49:13', '2018-11-07 20:49:13'),
(11160503, 1116, 111605, 6, 'Cupak', '2018-11-07 20:49:13', '2018-11-07 20:49:13'),
(11160504, 1116, 111605, 6, 'Jawi Jawi', '2018-11-07 20:49:13', '2018-11-07 20:49:13'),
(11160505, 1116, 111605, 6, 'Koto Gadang Guguak', '2018-11-07 20:49:13', '2018-11-07 20:49:13'),
(11160506, 1116, 111605, 6, 'Koto Gaek Guguk', '2018-11-07 20:49:13', '2018-11-07 20:49:13'),
(11160507, 1116, 111605, 6, 'Sungai Janiah', '2018-11-07 20:49:13', '2018-11-07 20:49:13'),
(11160508, 1116, 111605, 6, 'Talang', '2018-11-07 20:49:13', '2018-11-07 20:49:13'),
(11160601, 1116, 111606, 6, 'Sarik Alahan Tigo', '2018-11-07 20:49:13', '2018-11-07 20:49:13'),
(11160602, 1116, 111606, 6, 'Sungai Abu', '2018-11-07 20:49:13', '2018-11-07 20:49:13'),
(11160603, 1116, 111606, 6, 'Talang Babungo', '2018-11-07 20:49:13', '2018-11-07 20:49:13'),
(11160701, 1116, 111607, 6, 'Bukit Bais', '2018-11-07 20:49:13', '2018-11-07 20:49:13'),
(11160702, 1116, 111607, 6, 'Guguk Sarai', '2018-11-07 20:49:13', '2018-11-07 20:49:13'),
(11160703, 1116, 111607, 6, 'Indudur', '2018-11-07 20:49:13', '2018-11-07 20:49:13'),
(11160704, 1116, 111607, 6, 'Koto Laweh', '2018-11-07 20:49:13', '2018-11-07 20:49:13'),
(11160705, 1116, 111607, 6, 'Pianggu', '2018-11-07 20:49:13', '2018-11-07 20:49:13'),
(11160706, 1116, 111607, 6, 'Siaro Aro', '2018-11-07 20:49:13', '2018-11-07 20:49:13'),
(11160707, 1116, 111607, 6, 'Sungai Durian', '2018-11-07 20:49:13', '2018-11-07 20:49:13'),
(11160708, 1116, 111607, 6, 'Sungai Jambur', '2018-11-07 20:49:13', '2018-11-07 20:49:13'),
(11160709, 1116, 111607, 6, 'Taruang Taruang', '2018-11-07 20:49:13', '2018-11-07 20:49:13'),
(11160801, 1116, 111608, 6, 'Muaro Pingai', '2018-11-07 20:49:13', '2018-11-07 20:49:13'),
(11160802, 1116, 111608, 6, 'Paninggahan', '2018-11-07 20:49:13', '2018-11-07 20:49:13'),
(11160901, 1116, 111609, 6, 'Gantuang Ciri', '2018-11-07 20:49:13', '2018-11-07 20:49:13'),
(11160902, 1116, 111609, 6, 'Gaung', '2018-11-07 20:49:13', '2018-11-07 20:49:13'),
(11160903, 1116, 111609, 6, 'Koto Baru', '2018-11-07 20:49:13', '2018-11-07 20:49:13'),
(11160904, 1116, 111609, 6, 'Koto Hilalang', '2018-11-07 20:49:13', '2018-11-07 20:49:13'),
(11160905, 1116, 111609, 6, 'Panyakalan', '2018-11-07 20:49:13', '2018-11-07 20:49:13'),
(11160906, 1116, 111609, 6, 'Saok Laweh', '2018-11-07 20:49:13', '2018-11-07 20:49:13'),
(11160907, 1116, 111609, 6, 'Selayo', '2018-11-07 20:49:13', '2018-11-07 20:49:13'),
(11160908, 1116, 111609, 6, 'Tanjung Bingkung', '2018-11-07 20:49:13', '2018-11-07 20:49:13'),
(11161001, 1116, 111610, 6, 'Aia Dingin', '2018-11-07 20:49:13', '2018-11-07 20:49:13'),
(11161002, 1116, 111610, 6, 'Alahan Panjang', '2018-11-07 20:49:13', '2018-11-07 20:49:13'),
(11161003, 1116, 111610, 6, 'Salimpat', '2018-11-07 20:49:13', '2018-11-07 20:49:13'),
(11161004, 1116, 111610, 6, 'Sungai Nanam', '2018-11-07 20:49:13', '2018-11-07 20:49:13'),
(11161101, 1116, 111611, 6, 'Batu Bajanjang', '2018-11-07 20:49:13', '2018-11-07 20:49:13'),
(11161102, 1116, 111611, 6, 'Batu Banyak', '2018-11-07 20:49:13', '2018-11-07 20:49:13'),
(11161103, 1116, 111611, 6, 'Koto Anau', '2018-11-07 20:49:13', '2018-11-07 20:49:13'),
(11161104, 1116, 111611, 6, 'Koto Laweh', '2018-11-07 20:49:13', '2018-11-07 20:49:13'),
(11161105, 1116, 111611, 6, 'Limau Lunggo', '2018-11-07 20:49:13', '2018-11-07 20:49:13'),
(11161106, 1116, 111611, 6, 'Salayo Tanang Bukik Sileh', '2018-11-07 20:49:13', '2018-11-07 20:49:13'),
(11161201, 1116, 111612, 6, 'Lolo', '2018-11-07 20:49:13', '2018-11-07 20:49:13'),
(11161202, 1116, 111612, 6, 'Surian', '2018-11-07 20:49:13', '2018-11-07 20:49:13'),
(11161301, 1116, 111613, 6, 'Aia Luo', '2018-11-07 20:49:13', '2018-11-07 20:49:13'),
(11161302, 1116, 111613, 6, 'Sirukam', '2018-11-07 20:49:13', '2018-11-07 20:49:13'),
(11161303, 1116, 111613, 6, 'Supayang', '2018-11-07 20:49:13', '2018-11-07 20:49:13'),
(11161401, 1116, 111614, 6, 'Batu Banjajang', '2018-11-07 20:49:13', '2018-11-07 20:49:13'),
(11161402, 1116, 111614, 6, 'Garabak Data', '2018-11-07 20:49:13', '2018-11-07 20:49:13'),
(11161403, 1116, 111614, 6, 'Rangkiang Luluih', '2018-11-07 20:49:13', '2018-11-07 20:49:13'),
(11161404, 1116, 111614, 6, 'Simanau', '2018-11-07 20:49:13', '2018-11-07 20:49:13'),
(11161405, 1116, 111614, 6, 'Tanjung Balik Sumiso', '2018-11-07 20:49:13', '2018-11-07 20:49:13'),
(11161501, 1116, 111615, 6, 'Bukit Kanduang', '2018-11-07 20:49:13', '2018-11-07 20:49:13'),
(11161502, 1116, 111615, 6, 'Katialo', '2018-11-07 20:49:13', '2018-11-07 20:49:13'),
(11161503, 1116, 111615, 6, 'Kuncir', '2018-11-07 20:49:13', '2018-11-07 20:49:13'),
(11161504, 1116, 111615, 6, 'Labuh Panjang', '2018-11-07 20:49:13', '2018-11-07 20:49:13'),
(11161505, 1116, 111615, 6, 'Paninjauan', '2018-11-07 20:49:13', '2018-11-07 20:49:13'),
(11161506, 1116, 111615, 6, 'Pasilihan', '2018-11-07 20:49:13', '2018-11-07 20:49:13'),
(11161507, 1116, 111615, 6, 'Sibarambang', '2018-11-07 20:49:13', '2018-11-07 20:49:13'),
(11161508, 1116, 111615, 6, 'Sulit Air', '2018-11-07 20:49:13', '2018-11-07 20:49:13'),
(11161509, 1116, 111615, 6, 'Tanjung Balik', '2018-11-07 20:49:13', '2018-11-07 20:49:13'),
(11161601, 1116, 111616, 6, 'Aripan', '2018-11-07 20:49:13', '2018-11-07 20:49:13'),
(11161602, 1116, 111616, 6, 'Kacang', '2018-11-07 20:49:13', '2018-11-07 20:49:13'),
(11161603, 1116, 111616, 6, 'Koto Sani', '2018-11-07 20:49:13', '2018-11-07 20:49:13'),
(11161604, 1116, 111616, 6, 'Saning Baka', '2018-11-07 20:49:13', '2018-11-07 20:49:13'),
(11161605, 1116, 111616, 6, 'Singkarak', '2018-11-07 20:49:13', '2018-11-07 20:49:13'),
(11161606, 1116, 111616, 6, 'Sumani', '2018-11-07 20:49:13', '2018-11-07 20:49:13'),
(11161607, 1116, 111616, 6, 'Tanjung Alai', '2018-11-07 20:49:13', '2018-11-07 20:49:13'),
(11161608, 1116, 111616, 6, 'Tikalak', '2018-11-07 20:49:13', '2018-11-07 20:49:13'),
(11170101, 1117, 111701, 6, 'Pakan Rabaa', '2018-11-07 20:49:13', '2018-11-07 20:49:13'),
(11170102, 1117, 111701, 6, 'Pakan Rabaa Tengah', '2018-11-07 20:49:13', '2018-11-07 20:49:13'),
(11170103, 1117, 111701, 6, 'Pakan Rabaa Timur', '2018-11-07 20:49:13', '2018-11-07 20:49:13'),
(11170104, 1117, 111701, 6, 'Pakan Rabaa Utara', '2018-11-07 20:49:13', '2018-11-07 20:49:13'),
(11170201, 1117, 111702, 6, 'Alam Pauh Duo', '2018-11-07 20:49:13', '2018-11-07 20:49:13'),
(11170202, 1117, 111702, 6, 'Kapau Alam Pauh Duo', '2018-11-07 20:49:13', '2018-11-07 20:49:13'),
(11170203, 1117, 111702, 6, 'Luak Kapau Alam Pauh Duo', '2018-11-07 20:49:13', '2018-11-07 20:49:13'),
(11170204, 1117, 111702, 6, 'Pauh Duo Nan Batigo', '2018-11-07 20:49:13', '2018-11-07 20:49:13'),
(11170301, 1117, 111703, 6, 'Lubuk Gadang', '2018-11-07 20:49:13', '2018-11-07 20:49:13'),
(11170302, 1117, 111703, 6, 'Lubuk Gadang Selatan', '2018-11-07 20:49:13', '2018-11-07 20:49:13'),
(11170303, 1117, 111703, 6, 'Lubuk Gadang Timur', '2018-11-07 20:49:13', '2018-11-07 20:49:13'),
(11170304, 1117, 111703, 6, 'Lubuk Gadang Utara', '2018-11-07 20:49:13', '2018-11-07 20:49:13'),
(11170401, 1117, 111704, 6, 'Sungai Kunyit', '2018-11-07 20:49:13', '2018-11-07 20:49:13'),
(11170402, 1117, 111704, 6, 'Sungai Kunyit Barat', '2018-11-07 20:49:13', '2018-11-07 20:49:13'),
(11170403, 1117, 111704, 6, 'Talao Sungai Kunyit', '2018-11-07 20:49:13', '2018-11-07 20:49:13'),
(11170404, 1117, 111704, 6, 'Talunan Maju', '2018-11-07 20:49:13', '2018-11-07 20:49:13'),
(11170501, 1117, 111705, 6, 'Abai', '2018-11-07 20:49:13', '2018-11-07 20:49:13'),
(11170502, 1117, 111705, 6, 'Dusun Tangah', '2018-11-07 20:49:13', '2018-11-07 20:49:13'),
(11170503, 1117, 111705, 6, 'Lubuk Ulang Aling', '2018-11-07 20:49:13', '2018-11-07 20:49:13'),
(11170504, 1117, 111705, 6, 'Lubuk Ulang Aling Selatan', '2018-11-07 20:49:13', '2018-11-07 20:49:13'),
(11170505, 1117, 111705, 6, 'Lubuk Ulang Aling Tengah', '2018-11-07 20:49:13', '2018-11-07 20:49:13'),
(11170506, 1117, 111705, 6, 'Ranah Pantai Cermin', '2018-11-07 20:49:13', '2018-11-07 20:49:13'),
(11170507, 1117, 111705, 6, 'Sitapus', '2018-11-07 20:49:13', '2018-11-07 20:49:13'),
(11170601, 1117, 111706, 6, 'Bidar Alam', '2018-11-07 20:49:13', '2018-11-07 20:49:13'),
(11170602, 1117, 111706, 6, 'Lubuk/Lubuak Malako', '2018-11-07 20:49:13', '2018-11-07 20:49:13'),
(11170603, 1117, 111706, 6, 'Malako', '2018-11-07 20:49:13', '2018-11-07 20:49:13'),
(11170604, 1117, 111706, 6, 'Padang Air Dingin', '2018-11-07 20:49:13', '2018-11-07 20:49:13'),
(11170605, 1117, 111706, 6, 'Padang Gantiang', '2018-11-07 20:49:13', '2018-11-07 20:49:13'),
(11170701, 1117, 111707, 6, 'Bomas', '2018-11-07 20:49:13', '2018-11-07 20:49:13'),
(11170702, 1117, 111707, 6, 'Koto Baru', '2018-11-07 20:49:13', '2018-11-07 20:49:13'),
(11170703, 1117, 111707, 6, 'Pasar Muara Labuh', '2018-11-07 20:49:13', '2018-11-07 20:49:13'),
(11170704, 1117, 111707, 6, 'Pasir Talang', '2018-11-07 20:49:13', '2018-11-07 20:49:13'),
(11170705, 1117, 111707, 6, 'Pasir Talang Barat', '2018-11-07 20:49:13', '2018-11-07 20:49:13'),
(11170706, 1117, 111707, 6, 'Pasir Talang Selatan', '2018-11-07 20:49:13', '2018-11-07 20:49:13'),
(11170707, 1117, 111707, 6, 'Pasir Talang Timur', '2018-11-07 20:49:13', '2018-11-07 20:49:13'),
(11170708, 1117, 111707, 6, 'Pulakek Koto Baru', '2018-11-07 20:49:13', '2018-11-07 20:49:13'),
(11170709, 1117, 111707, 6, 'Sako Pasia Talang', '2018-11-07 20:49:13', '2018-11-07 20:49:13'),
(11170710, 1117, 111707, 6, 'Sako Selatan Pasia Talang', '2018-11-07 20:49:13', '2018-11-07 20:49:13'),
(11170711, 1117, 111707, 6, 'Sako Utara Pasia Talang', '2018-11-07 20:49:13', '2018-11-07 20:49:13'),
(11180101, 1118, 111801, 6, 'Andaleh', '2018-11-07 20:49:13', '2018-11-07 20:49:13'),
(11180102, 1118, 111801, 6, 'Batipuh Ateh (Batipuah Ateh)', '2018-11-07 20:49:13', '2018-11-07 20:49:13'),
(11180103, 1118, 111801, 6, 'Batipuh Baru (Batipuah Baruah)', '2018-11-07 20:49:13', '2018-11-07 20:49:13'),
(11180104, 1118, 111801, 6, 'Bungo Tanjung/Tanjuang', '2018-11-07 20:49:13', '2018-11-07 20:49:13'),
(11180105, 1118, 111801, 6, 'Gunung Rajo (Gunuang Rajo)', '2018-11-07 20:49:13', '2018-11-07 20:49:13'),
(11180106, 1118, 111801, 6, 'Pitalah', '2018-11-07 20:49:13', '2018-11-07 20:49:13'),
(11180107, 1118, 111801, 6, 'Sabu', '2018-11-07 20:49:13', '2018-11-07 20:49:13'),
(11180108, 1118, 111801, 6, 'Tanjung Barulak', '2018-11-07 20:49:13', '2018-11-07 20:49:13'),
(11180201, 1118, 111802, 6, 'Batu Taba', '2018-11-07 20:49:13', '2018-11-07 20:49:13'),
(11180202, 1118, 111802, 6, 'Guguak Malalo', '2018-11-07 20:49:13', '2018-11-07 20:49:13'),
(11180203, 1118, 111802, 6, 'Padang Laweh Malalo', '2018-11-07 20:49:13', '2018-11-07 20:49:13'),
(11180204, 1118, 111802, 6, 'Sumpur', '2018-11-07 20:49:13', '2018-11-07 20:49:13'),
(11180301, 1118, 111803, 6, 'Baringin', '2018-11-07 20:49:13', '2018-11-07 20:49:13'),
(11180302, 1118, 111803, 6, 'Cubadak', '2018-11-07 20:49:13', '2018-11-07 20:49:13'),
(11180303, 1118, 111803, 6, 'Labuah/Labuh', '2018-11-07 20:49:13', '2018-11-07 20:49:13'),
(11180304, 1118, 111803, 6, 'Lima Kaum (Limo Kaum)', '2018-11-07 20:49:13', '2018-11-07 20:49:13'),
(11180305, 1118, 111803, 6, 'Parambahan', '2018-11-07 20:49:13', '2018-11-07 20:49:13'),
(11180401, 1118, 111804, 6, 'Buo', '2018-11-07 20:49:13', '2018-11-07 20:49:13'),
(11180402, 1118, 111804, 6, 'Pangian', '2018-11-07 20:49:13', '2018-11-07 20:49:13'),
(11180403, 1118, 111804, 6, 'Taluak', '2018-11-07 20:49:13', '2018-11-07 20:49:13'),
(11180404, 1118, 111804, 6, 'Tigo Jangko', '2018-11-07 20:49:13', '2018-11-07 20:49:13'),
(11180501, 1118, 111805, 6, 'Balai Tangah', '2018-11-07 20:49:13', '2018-11-07 20:49:13'),
(11180502, 1118, 111805, 6, 'Batu Bulek', '2018-11-07 20:49:13', '2018-11-07 20:49:13'),
(11180503, 1118, 111805, 6, 'Lubuk/Lubuak Jantan', '2018-11-07 20:49:13', '2018-11-07 20:49:13'),
(11180504, 1118, 111805, 6, 'Tanjung/Tanjuang Bonai', '2018-11-07 20:49:13', '2018-11-07 20:49:13'),
(11180505, 1118, 111805, 6, 'Tapi/Tepi Selo', '2018-11-07 20:49:13', '2018-11-07 20:49:13'),
(11180601, 1118, 111806, 6, 'Atar', '2018-11-07 20:49:13', '2018-11-07 20:49:13'),
(11180602, 1118, 111806, 6, 'Padang Ganting', '2018-11-07 20:49:13', '2018-11-07 20:49:13'),
(11180701, 1118, 111807, 6, 'Batu Basa', '2018-11-07 20:49:13', '2018-11-07 20:49:13'),
(11180702, 1118, 111807, 6, 'Pariangan', '2018-11-07 20:49:13', '2018-11-07 20:49:13'),
(11180703, 1118, 111807, 6, 'Sawah Tangah', '2018-11-07 20:49:13', '2018-11-07 20:49:13'),
(11180704, 1118, 111807, 6, 'Simabur', '2018-11-07 20:49:13', '2018-11-07 20:49:13'),
(11180705, 1118, 111807, 6, 'Sungai Jambu', '2018-11-07 20:49:13', '2018-11-07 20:49:13'),
(11180706, 1118, 111807, 6, 'Tabek', '2018-11-07 20:49:13', '2018-11-07 20:49:13'),
(11180801, 1118, 111808, 6, 'Balimbing', '2018-11-07 20:49:13', '2018-11-07 20:49:13'),
(11180802, 1118, 111808, 6, 'III/Tigo Koto', '2018-11-07 20:49:13', '2018-11-07 20:49:13'),
(11180803, 1118, 111808, 6, 'Padang Magek', '2018-11-07 20:49:13', '2018-11-07 20:49:13');
INSERT INTO `kelurahans` (`id`, `kokab_id`, `kecamatan_id`, `province_id`, `kelurahan_name`, `created_at`, `updated_at`) VALUES
(11180804, 1118, 111808, 6, 'Rambatan', '2018-11-07 20:49:13', '2018-11-07 20:49:13'),
(11180805, 1118, 111808, 6, 'Simawang', '2018-11-07 20:49:13', '2018-11-07 20:49:13'),
(11180901, 1118, 111809, 6, 'Lawang Mandahiling/Mandahiliang', '2018-11-07 20:49:13', '2018-11-07 20:49:13'),
(11180902, 1118, 111809, 6, 'Salimpaung', '2018-11-07 20:49:13', '2018-11-07 20:49:13'),
(11180903, 1118, 111809, 6, 'Situmbuk (Situmbuak)', '2018-11-07 20:49:13', '2018-11-07 20:49:13'),
(11180904, 1118, 111809, 6, 'Sumanik (Sumaniak}', '2018-11-07 20:49:13', '2018-11-07 20:49:13'),
(11180905, 1118, 111809, 6, 'Supayang', '2018-11-07 20:49:13', '2018-11-07 20:49:13'),
(11180906, 1118, 111809, 6, 'Tabek Patah', '2018-11-07 20:49:13', '2018-11-07 20:49:13'),
(11181001, 1118, 111810, 6, 'Aie Angek (Aia/Air Angek)', '2018-11-07 20:49:13', '2018-11-07 20:49:13'),
(11181002, 1118, 111810, 6, 'Jaho', '2018-11-07 20:49:13', '2018-11-07 20:49:13'),
(11181003, 1118, 111810, 6, 'Koto Baru', '2018-11-07 20:49:13', '2018-11-07 20:49:13'),
(11181004, 1118, 111810, 6, 'Koto Laweh', '2018-11-07 20:49:13', '2018-11-07 20:49:13'),
(11181005, 1118, 111810, 6, 'Pandai Sikek', '2018-11-07 20:49:13', '2018-11-07 20:49:13'),
(11181006, 1118, 111810, 6, 'Paninjauan', '2018-11-07 20:49:13', '2018-11-07 20:49:13'),
(11181007, 1118, 111810, 6, 'Panyalaian', '2018-11-07 20:49:13', '2018-11-07 20:49:13'),
(11181008, 1118, 111810, 6, 'Singgalang', '2018-11-07 20:49:13', '2018-11-07 20:49:13'),
(11181009, 1118, 111810, 6, 'Tambangan', '2018-11-07 20:49:13', '2018-11-07 20:49:13'),
(11181101, 1118, 111811, 6, 'Gurun', '2018-11-07 20:49:13', '2018-11-07 20:49:13'),
(11181102, 1118, 111811, 6, 'Koto Baru', '2018-11-07 20:49:13', '2018-11-07 20:49:13'),
(11181103, 1118, 111811, 6, 'Koto Tuo', '2018-11-07 20:49:13', '2018-11-07 20:49:13'),
(11181104, 1118, 111811, 6, 'Kumango', '2018-11-07 20:49:13', '2018-11-07 20:49:13'),
(11181105, 1118, 111811, 6, 'Padang Laweh', '2018-11-07 20:49:13', '2018-11-07 20:49:13'),
(11181106, 1118, 111811, 6, 'Pasie/Pasir Laweh', '2018-11-07 20:49:13', '2018-11-07 20:49:13'),
(11181107, 1118, 111811, 6, 'Rao-Rao', '2018-11-07 20:49:13', '2018-11-07 20:49:13'),
(11181108, 1118, 111811, 6, 'Simpuruik', '2018-11-07 20:49:13', '2018-11-07 20:49:13'),
(11181109, 1118, 111811, 6, 'Sungai Tarab', '2018-11-07 20:49:13', '2018-11-07 20:49:13'),
(11181110, 1118, 111811, 6, 'Talang Tangah', '2018-11-07 20:49:13', '2018-11-07 20:49:13'),
(11181201, 1118, 111812, 6, 'Andaleh Baruh/Baruah Bukik', '2018-11-07 20:49:13', '2018-11-07 20:49:13'),
(11181202, 1118, 111812, 6, 'Minangkabau', '2018-11-07 20:49:13', '2018-11-07 20:49:13'),
(11181203, 1118, 111812, 6, 'Sungai Patai', '2018-11-07 20:49:13', '2018-11-07 20:49:13'),
(11181204, 1118, 111812, 6, 'Sungayang', '2018-11-07 20:49:13', '2018-11-07 20:49:13'),
(11181205, 1118, 111812, 6, 'Tanjung (Tanjuang)', '2018-11-07 20:49:13', '2018-11-07 20:49:13'),
(11181301, 1118, 111813, 6, 'Barulak', '2018-11-07 20:49:13', '2018-11-07 20:49:13'),
(11181302, 1118, 111813, 6, 'Tanjung Alam', '2018-11-07 20:49:13', '2018-11-07 20:49:13'),
(11181401, 1118, 111814, 6, 'Koto Tangah', '2018-11-07 20:49:13', '2018-11-07 20:49:13'),
(11181402, 1118, 111814, 6, 'Pagaruyung (Pagaruyuang)', '2018-11-07 20:49:13', '2018-11-07 20:49:13'),
(11181403, 1118, 111814, 6, 'Saruaso', '2018-11-07 20:49:13', '2018-11-07 20:49:13'),
(11181404, 1118, 111814, 6, 'Tanjung Barulak', '2018-11-07 20:49:13', '2018-11-07 20:49:13');

-- --------------------------------------------------------

--
-- Table structure for table `kokabs`
--

CREATE TABLE `kokabs` (
  `id` int(10) UNSIGNED NOT NULL,
  `province_id` int(11) NOT NULL,
  `kokab_name` varchar(255) COLLATE utf8_unicode_ci NOT NULL,
  `created_at` timestamp NULL DEFAULT NULL,
  `updated_at` timestamp NULL DEFAULT NULL
) ENGINE=InnoDB DEFAULT CHARSET=utf8 COLLATE=utf8_unicode_ci;

--
-- Dumping data for table `kokabs`
--

INSERT INTO `kokabs` (`id`, `province_id`, `kokab_name`, `created_at`, `updated_at`) VALUES
(1101, 6, 'Agam', '2018-11-07 20:49:13', '2018-11-07 20:49:13'),
(1102, 6, 'Bukittinggi', '2018-11-07 20:49:13', '2018-11-07 20:49:13'),
(1103, 6, 'Dharmasraya', '2018-11-07 20:49:13', '2018-11-07 20:49:13'),
(1104, 6, 'Kepulauan Mentawai', '2018-11-07 20:49:13', '2018-11-07 20:49:13'),
(1105, 6, 'Lima Puluh Kota', '2018-11-07 20:49:13', '2018-11-07 20:49:13'),
(1106, 6, 'Padang', '2018-11-07 20:49:13', '2018-11-07 20:49:13'),
(1107, 6, 'Padang Panjang', '2018-11-07 20:49:13', '2018-11-07 20:49:13'),
(1108, 6, 'Padang Pariaman', '2018-11-07 20:49:13', '2018-11-07 20:49:13'),
(1109, 6, 'Pariaman', '2018-11-07 20:49:13', '2018-11-07 20:49:13'),
(1110, 6, 'Pasaman', '2018-11-07 20:49:13', '2018-11-07 20:49:13'),
(1112, 6, 'Payakumbuh', '2018-11-07 20:49:13', '2018-11-07 20:49:13'),
(1113, 6, 'Pesisir Selatan', '2018-11-07 20:49:13', '2018-11-07 20:49:13'),
(1114, 6, 'Sawah Lunto', '2018-11-07 20:49:13', '2018-11-07 20:49:13'),
(1115, 6, 'Sijunjung', '2018-11-07 20:49:13', '2018-11-07 20:49:13'),
(1116, 6, 'Solok', '2018-11-07 20:49:13', '2018-11-07 20:49:13'),
(1117, 6, 'Solok Selatan', '2018-11-07 20:49:13', '2018-11-07 20:49:13'),
(1118, 6, 'Tanah Datar', '2018-11-07 20:49:13', '2018-11-07 20:49:13');

-- --------------------------------------------------------

--
-- Table structure for table `migrations`
--

CREATE TABLE `migrations` (
  `id` int(10) UNSIGNED NOT NULL,
  `migration` varchar(255) COLLATE utf8_unicode_ci NOT NULL,
  `batch` int(11) NOT NULL
) ENGINE=InnoDB DEFAULT CHARSET=utf8 COLLATE=utf8_unicode_ci;

--
-- Dumping data for table `migrations`
--

INSERT INTO `migrations` (`id`, `migration`, `batch`) VALUES
(1, '2014_10_12_000000_create_users_table', 1),
(2, '2014_10_12_100000_create_password_resets_table', 1),
(3, '2018_11_05_101236_create_calegs_table', 1),
(4, '2018_11_05_101311_create_type_candidates_table', 1),
(5, '2018_11_05_101434_create_kelurahans_table', 1),
(6, '2018_11_05_101446_create_kecamatans_table', 1),
(7, '2018_11_05_101501_create_kokabs_table', 1),
(8, '2018_11_05_101516_create_partais_table', 1),
(9, '2018_11_05_101556_create_volunteers_table', 1),
(10, '2018_11_05_101611_create_tps_table', 1),
(11, '2018_11_05_101643_create_transactions_table', 1),
(12, '2018_11_05_101659_create_regions_table', 1),
(13, '2018_11_05_105348_create_provinsis_table', 1),
(14, '2018_11_07_033249_create_pemilu_settings_table', 1),
(15, '2018_11_07_033731_create_candidates_pemilus_table', 1);

-- --------------------------------------------------------

--
-- Table structure for table `partais`
--

CREATE TABLE `partais` (
  `id` int(10) UNSIGNED NOT NULL,
  `photo` varchar(255) COLLATE utf8_unicode_ci NOT NULL,
  `partai_name` varchar(255) COLLATE utf8_unicode_ci NOT NULL,
  `created_at` timestamp NULL DEFAULT NULL,
  `updated_at` timestamp NULL DEFAULT NULL
) ENGINE=InnoDB DEFAULT CHARSET=utf8 COLLATE=utf8_unicode_ci;

--
-- Dumping data for table `partais`
--

INSERT INTO `partais` (`id`, `photo`, `partai_name`, `created_at`, `updated_at`) VALUES
(1, '5be53eca68cef.jpg', 'Demokrat', '2018-11-09 01:01:14', '2018-11-09 01:01:14'),
(2, '5be53edbdd8cc.jpeg', 'Gerindra', '2018-11-09 01:01:31', '2018-11-09 01:01:31');

-- --------------------------------------------------------

--
-- Table structure for table `password_resets`
--

CREATE TABLE `password_resets` (
  `email` varchar(255) COLLATE utf8_unicode_ci NOT NULL,
  `token` varchar(255) COLLATE utf8_unicode_ci NOT NULL,
  `created_at` timestamp NULL DEFAULT NULL
) ENGINE=InnoDB DEFAULT CHARSET=utf8 COLLATE=utf8_unicode_ci;

-- --------------------------------------------------------

--
-- Table structure for table `pemilu_settings`
--

CREATE TABLE `pemilu_settings` (
  `id` int(10) UNSIGNED NOT NULL,
  `pemilu_name` varchar(255) COLLATE utf8_unicode_ci NOT NULL,
  `type_candidates_id` int(11) NOT NULL,
  `province_id` int(11) DEFAULT NULL,
  `kokab_id` int(11) DEFAULT NULL,
  `created_at` timestamp NULL DEFAULT NULL,
  `updated_at` timestamp NULL DEFAULT NULL
) ENGINE=InnoDB DEFAULT CHARSET=utf8 COLLATE=utf8_unicode_ci;

--
-- Dumping data for table `pemilu_settings`
--

INSERT INTO `pemilu_settings` (`id`, `pemilu_name`, `type_candidates_id`, `province_id`, `kokab_id`, `created_at`, `updated_at`) VALUES
(6, 'DPRD PROV - SUMBAR 1', 3, 6, 1106, '2018-11-09 20:45:50', '2018-11-09 20:45:50'),
(7, 'DPRD PROV - SUMBAR 2', 3, 6, 1101, '2018-11-09 23:28:17', '2018-11-09 23:28:37');

-- --------------------------------------------------------

--
-- Table structure for table `provinsis`
--

CREATE TABLE `provinsis` (
  `id` int(10) UNSIGNED NOT NULL,
  `province_name` varchar(255) COLLATE utf8_unicode_ci NOT NULL,
  `created_at` timestamp NULL DEFAULT NULL,
  `updated_at` timestamp NULL DEFAULT NULL
) ENGINE=InnoDB DEFAULT CHARSET=utf8 COLLATE=utf8_unicode_ci;

--
-- Dumping data for table `provinsis`
--

INSERT INTO `provinsis` (`id`, `province_name`, `created_at`, `updated_at`) VALUES
(1, 'ACEH', '2018-11-07 20:43:22', '2018-11-07 20:43:22'),
(2, 'SUMATERA UTARA', '2018-11-07 20:43:22', '2018-11-07 20:43:22'),
(3, 'RIAU', '2018-11-07 20:43:22', '2018-11-07 20:43:22'),
(4, 'KEPULAUAN RIAU', '2018-11-07 20:43:22', '2018-11-07 20:43:22'),
(5, 'JAMBI', '2018-11-07 20:43:22', '2018-11-07 20:43:22'),
(6, 'SUMATERA BARAT', '2018-11-07 20:43:22', '2018-11-07 20:43:22'),
(7, 'SUMATERA SELATAN', '2018-11-07 20:43:22', '2018-11-07 20:43:22'),
(8, 'BANGKA BELITUNG', '2018-11-07 20:43:22', '2018-11-07 20:43:22'),
(9, 'BENGKULU', '2018-11-07 20:43:22', '2018-11-07 20:43:22'),
(10, 'LAMPUNG', '2018-11-07 20:43:22', '2018-11-07 20:43:22'),
(11, 'Bandung', '2018-11-07 20:43:22', '2018-11-07 20:43:22');

-- --------------------------------------------------------

--
-- Table structure for table `regions`
--

CREATE TABLE `regions` (
  `id` int(10) UNSIGNED NOT NULL,
  `created_at` timestamp NULL DEFAULT NULL,
  `updated_at` timestamp NULL DEFAULT NULL
) ENGINE=InnoDB DEFAULT CHARSET=utf8 COLLATE=utf8_unicode_ci;

-- --------------------------------------------------------

--
-- Table structure for table `tps`
--

CREATE TABLE `tps` (
  `id` int(10) UNSIGNED NOT NULL,
  `tps_number` int(11) NOT NULL,
  `tps_name` varchar(255) COLLATE utf8_unicode_ci NOT NULL,
  `kelurahan_id` int(11) NOT NULL,
  `kecamatan_id` int(11) NOT NULL,
  `kokab_id` int(11) NOT NULL,
  `province_id` int(11) NOT NULL,
  `created_at` timestamp NULL DEFAULT NULL,
  `updated_at` timestamp NULL DEFAULT NULL
) ENGINE=InnoDB DEFAULT CHARSET=utf8 COLLATE=utf8_unicode_ci;

--
-- Dumping data for table `tps`
--

INSERT INTO `tps` (`id`, `tps_number`, `tps_name`, `kelurahan_id`, `kecamatan_id`, `kokab_id`, `province_id`, `created_at`, `updated_at`) VALUES
(3, 1, 'Batu Kambing 1', 11010101, 110101, 1101, 6, '2018-11-09 01:04:45', '2018-11-09 01:04:45'),
(4, 2, 'Batu Kambing 2', 11010101, 110101, 1101, 6, '2018-11-09 01:05:03', '2018-11-09 01:05:03'),
(5, 3, 'Batu Kambing 3', 11010101, 110101, 1101, 6, '2018-11-09 16:07:45', '2018-11-09 16:07:45'),
(6, 4, 'Batu Kambing 4', 11010101, 110101, 1101, 6, '2018-11-09 20:26:40', '2018-11-09 20:26:40');

-- --------------------------------------------------------

--
-- Table structure for table `transactions`
--

CREATE TABLE `transactions` (
  `id` int(10) UNSIGNED NOT NULL,
  `voluteer_id` int(11) NOT NULL,
  `caleg_id` int(11) NOT NULL,
  `pemilu_setting_id` int(11) NOT NULL,
  `tps_id` int(11) NOT NULL,
  `number_of_votes` int(11) NOT NULL,
  `created_at` timestamp NULL DEFAULT NULL,
  `updated_at` timestamp NULL DEFAULT NULL
) ENGINE=InnoDB DEFAULT CHARSET=utf8 COLLATE=utf8_unicode_ci;

--
-- Dumping data for table `transactions`
--

INSERT INTO `transactions` (`id`, `voluteer_id`, `caleg_id`, `pemilu_setting_id`, `tps_id`, `number_of_votes`, `created_at`, `updated_at`) VALUES
(9, 2, 2, 4, 3, 3000, '2018-11-09 17:05:23', '2018-11-09 17:05:23'),
(10, 2, 1, 4, 3, 1300, '2018-11-09 17:05:23', '2018-11-09 17:05:23'),
(11, 2, 2, 4, 4, 99, '2018-11-09 17:09:05', '2018-11-09 17:09:05'),
(12, 2, 1, 4, 4, 103, '2018-11-09 17:09:05', '2018-11-09 17:09:05');

-- --------------------------------------------------------

--
-- Table structure for table `type_candidates`
--

CREATE TABLE `type_candidates` (
  `id` int(10) UNSIGNED NOT NULL,
  `type` varchar(255) COLLATE utf8_unicode_ci NOT NULL,
  `created_at` timestamp NULL DEFAULT NULL,
  `updated_at` timestamp NULL DEFAULT NULL
) ENGINE=InnoDB DEFAULT CHARSET=utf8 COLLATE=utf8_unicode_ci;

--
-- Dumping data for table `type_candidates`
--

INSERT INTO `type_candidates` (`id`, `type`, `created_at`, `updated_at`) VALUES
(1, 'DPR RI', '2018-11-09 00:36:25', '2018-11-09 00:36:25'),
(2, 'DPRD PROVINSI', '2018-11-09 00:36:30', '2018-11-09 00:36:30'),
(3, 'DPD RI', '2018-11-09 00:36:34', '2018-11-09 20:31:15');

-- --------------------------------------------------------

--
-- Table structure for table `users`
--

CREATE TABLE `users` (
  `id` int(10) UNSIGNED NOT NULL,
  `name` varchar(255) COLLATE utf8_unicode_ci NOT NULL,
  `email` varchar(255) COLLATE utf8_unicode_ci NOT NULL,
  `email_verified_at` timestamp NULL DEFAULT NULL,
  `password` varchar(255) COLLATE utf8_unicode_ci NOT NULL,
  `level` enum('relawan','admin') COLLATE utf8_unicode_ci NOT NULL DEFAULT 'admin',
  `remember_token` varchar(100) COLLATE utf8_unicode_ci DEFAULT NULL,
  `created_at` timestamp NULL DEFAULT NULL,
  `updated_at` timestamp NULL DEFAULT NULL
) ENGINE=InnoDB DEFAULT CHARSET=utf8 COLLATE=utf8_unicode_ci;

--
-- Dumping data for table `users`
--

INSERT INTO `users` (`id`, `name`, `email`, `email_verified_at`, `password`, `level`, `remember_token`, `created_at`, `updated_at`) VALUES
(1, 'Putay', 'admin@gmail.com', NULL, '$2y$10$TIt/z8o5boFNhIbDiXH3eeuWvsHVJEvefoyrZd8L1VFtqH9YlpHcW', 'admin', 'OQ6sItNWwtkjbKTzm5OYa2Ol6tYE4sFIQ3ixje5VCsEPaOXfVl4NlGstQeVT', '2018-11-07 20:35:16', '2018-11-07 20:35:16'),
(2, 'Atjep Rahmat', 'atjep@gmail.com', NULL, '$2y$10$MLVn2bIMQW2FLLPhw5DOp.H2dPO5ocC3lL0tkAO0hzJOupQZ5YfIK', 'relawan', 'IWhHFBFdItuRn1Y3cQwU1VpeOGnvK7ZSxlbY4zBtUF5rDa2wVBOunGmLnVp4', '2018-11-07 20:36:17', '2018-11-07 20:36:17'),
(3, 'Putri Salma Wulandari', 'putsaalxw@gmail.com', NULL, '$2y$10$P.DjRo926v5F1HYoV/UGoeqWkpmzIgU5rg1c1DfDgUFDm5osnhnwa', 'relawan', 'K37x6k2jv5E0GR5bjtlI1ER4C6u4zJmYxTG8oiZydP4SDMcDQeTIkdwQkJdL', '2018-11-08 23:13:59', '2018-11-08 23:13:59');

-- --------------------------------------------------------

--
-- Table structure for table `volunteers`
--

CREATE TABLE `volunteers` (
  `id` int(10) UNSIGNED NOT NULL,
  `user_id` int(11) NOT NULL,
  `nip` int(11) NOT NULL,
  `jk` enum('P','L') COLLATE utf8_unicode_ci NOT NULL,
  `date_of_birth` date NOT NULL,
  `address` varchar(255) COLLATE utf8_unicode_ci NOT NULL,
  `created_at` timestamp NULL DEFAULT NULL,
  `updated_at` timestamp NULL DEFAULT NULL
) ENGINE=InnoDB DEFAULT CHARSET=utf8 COLLATE=utf8_unicode_ci;

--
-- Indexes for dumped tables
--

--
-- Indexes for table `calegs`
--
ALTER TABLE `calegs`
  ADD PRIMARY KEY (`id`);

--
-- Indexes for table `candidates_pemilus`
--
ALTER TABLE `candidates_pemilus`
  ADD PRIMARY KEY (`id`);

--
-- Indexes for table `kecamatans`
--
ALTER TABLE `kecamatans`
  ADD PRIMARY KEY (`id`);

--
-- Indexes for table `kelurahans`
--
ALTER TABLE `kelurahans`
  ADD PRIMARY KEY (`id`);

--
-- Indexes for table `kokabs`
--
ALTER TABLE `kokabs`
  ADD PRIMARY KEY (`id`);

--
-- Indexes for table `migrations`
--
ALTER TABLE `migrations`
  ADD PRIMARY KEY (`id`);

--
-- Indexes for table `partais`
--
ALTER TABLE `partais`
  ADD PRIMARY KEY (`id`);

--
-- Indexes for table `password_resets`
--
ALTER TABLE `password_resets`
  ADD KEY `password_resets_email_index` (`email`);

--
-- Indexes for table `pemilu_settings`
--
ALTER TABLE `pemilu_settings`
  ADD PRIMARY KEY (`id`);

--
-- Indexes for table `provinsis`
--
ALTER TABLE `provinsis`
  ADD PRIMARY KEY (`id`);

--
-- Indexes for table `regions`
--
ALTER TABLE `regions`
  ADD PRIMARY KEY (`id`);

--
-- Indexes for table `tps`
--
ALTER TABLE `tps`
  ADD PRIMARY KEY (`id`);

--
-- Indexes for table `transactions`
--
ALTER TABLE `transactions`
  ADD PRIMARY KEY (`id`);

--
-- Indexes for table `type_candidates`
--
ALTER TABLE `type_candidates`
  ADD PRIMARY KEY (`id`);

--
-- Indexes for table `users`
--
ALTER TABLE `users`
  ADD PRIMARY KEY (`id`),
  ADD UNIQUE KEY `users_email_unique` (`email`);

--
-- Indexes for table `volunteers`
--
ALTER TABLE `volunteers`
  ADD PRIMARY KEY (`id`);

--
-- AUTO_INCREMENT for dumped tables
--

--
-- AUTO_INCREMENT for table `calegs`
--
ALTER TABLE `calegs`
  MODIFY `id` int(10) UNSIGNED NOT NULL AUTO_INCREMENT, AUTO_INCREMENT=3;

--
-- AUTO_INCREMENT for table `candidates_pemilus`
--
ALTER TABLE `candidates_pemilus`
  MODIFY `id` int(10) UNSIGNED NOT NULL AUTO_INCREMENT, AUTO_INCREMENT=11;

--
-- AUTO_INCREMENT for table `kecamatans`
--
ALTER TABLE `kecamatans`
  MODIFY `id` int(10) UNSIGNED NOT NULL AUTO_INCREMENT, AUTO_INCREMENT=111815;

--
-- AUTO_INCREMENT for table `kelurahans`
--
ALTER TABLE `kelurahans`
  MODIFY `id` int(10) UNSIGNED NOT NULL AUTO_INCREMENT, AUTO_INCREMENT=11181405;

--
-- AUTO_INCREMENT for table `kokabs`
--
ALTER TABLE `kokabs`
  MODIFY `id` int(10) UNSIGNED NOT NULL AUTO_INCREMENT, AUTO_INCREMENT=1119;

--
-- AUTO_INCREMENT for table `migrations`
--
ALTER TABLE `migrations`
  MODIFY `id` int(10) UNSIGNED NOT NULL AUTO_INCREMENT, AUTO_INCREMENT=16;

--
-- AUTO_INCREMENT for table `partais`
--
ALTER TABLE `partais`
  MODIFY `id` int(10) UNSIGNED NOT NULL AUTO_INCREMENT, AUTO_INCREMENT=3;

--
-- AUTO_INCREMENT for table `pemilu_settings`
--
ALTER TABLE `pemilu_settings`
  MODIFY `id` int(10) UNSIGNED NOT NULL AUTO_INCREMENT, AUTO_INCREMENT=8;

--
-- AUTO_INCREMENT for table `provinsis`
--
ALTER TABLE `provinsis`
  MODIFY `id` int(10) UNSIGNED NOT NULL AUTO_INCREMENT, AUTO_INCREMENT=12;

--
-- AUTO_INCREMENT for table `regions`
--
ALTER TABLE `regions`
  MODIFY `id` int(10) UNSIGNED NOT NULL AUTO_INCREMENT;

--
-- AUTO_INCREMENT for table `tps`
--
ALTER TABLE `tps`
  MODIFY `id` int(10) UNSIGNED NOT NULL AUTO_INCREMENT, AUTO_INCREMENT=7;

--
-- AUTO_INCREMENT for table `transactions`
--
ALTER TABLE `transactions`
  MODIFY `id` int(10) UNSIGNED NOT NULL AUTO_INCREMENT, AUTO_INCREMENT=13;

--
-- AUTO_INCREMENT for table `type_candidates`
--
ALTER TABLE `type_candidates`
  MODIFY `id` int(10) UNSIGNED NOT NULL AUTO_INCREMENT, AUTO_INCREMENT=4;

--
-- AUTO_INCREMENT for table `users`
--
ALTER TABLE `users`
  MODIFY `id` int(10) UNSIGNED NOT NULL AUTO_INCREMENT, AUTO_INCREMENT=4;

--
-- AUTO_INCREMENT for table `volunteers`
--
ALTER TABLE `volunteers`
  MODIFY `id` int(10) UNSIGNED NOT NULL AUTO_INCREMENT;
